status,esu_dps,x_min,y_min,x_max,y_max,species,subdomain,altspname,species2,species3,area,v_count_evergreen_forest,v_count_open_water,v_count_shrubland,v_count_grass_pasture,v_count_woody_wetlands,v_count_barren,v_count_deciduous_forest,v_count_developed_open_space,v_count_developed_low_intensity,v_count_mixed_forest,v_count_herbaceous_wetlands,v_count_christmas_trees,v_count_developed_med_intensity,v_count_background,v_count_alfalfa,v_count_fallow_idle_cropland,v_pct_evergreen_forest,v_pct_open_water,v_pct_shrubland,v_pct_grass_pasture,v_pct_woody_wetlands,v_pct_barren,v_pct_deciduous_forest,v_pct_developed_open_space,v_pct_developed_low_intensity,v_pct_mixed_forest,v_pct_herbaceous_wetlands,v_pct_christmas_trees,v_pct_developed_med_intensity,v_pct_background,v_pct_alfalfa,v_pct_fallow_idle_cropland,v_count_perennial_ice_snow,v_count_other_crops,v_count_rye,v_count_corn,v_count_potatoes,v_count_barley,v_pct_perennial_ice_snow,v_pct_other_crops,v_pct_rye,v_pct_corn,v_pct_potatoes,v_pct_barley,v_count_other_hay_non_alfalfa,v_count_developed_high_intensity,v_count_blueberries,v_count_apples,v_count_aquaculture,v_count_caneberries,v_count_sod_grass_seed,v_count_greens,v_count_pumpkins,v_count_grapes,v_count_dry_beans,v_count_other_tree_crops,v_count_winter_wheat,v_count_oats,v_count_broccoli,v_count_cucumbers,v_count_sweet_corn,v_count_pears,v_count_strawberries,v_count_peas,v_count_sugarbeets,v_count_cabbage,v_count_squash,v_count_cherries,v_count_spring_wheat,v_pct_other_hay_non_alfalfa,v_pct_developed_high_intensity,v_pct_blueberries,v_pct_apples,v_pct_aquaculture,v_pct_caneberries,v_pct_sod_grass_seed,v_pct_greens,v_pct_pumpkins,v_pct_grapes,v_pct_dry_beans,v_pct_other_tree_crops,v_pct_winter_wheat,v_pct_oats,v_pct_broccoli,v_pct_cucumbers,v_pct_sweet_corn,v_pct_pears,v_pct_strawberries,v_pct_peas,v_pct_sugarbeets,v_pct_cabbage,v_pct_squash,v_pct_cherries,v_pct_spring_wheat,v_count_triticale,v_count_clover_wildflowers,v_count_carrots,v_count_misc_vegs_fruits,v_pct_triticale,v_pct_clover_wildflowers,v_pct_carrots,v_pct_misc_vegs_fruits,v_count_garlic,v_count_herbs,v_count_flaxseed,v_count_safflower,v_count_onions,v_count_radishes,v_pct_garlic,v_pct_herbs,v_pct_flaxseed,v_pct_safflower,v_pct_onions,v_pct_radishes,v_count_walnuts,v_count_olives,v_count_almonds,v_count_tomatoes,v_count_citrus,v_count_oranges,v_count_dbl_crop_win_wht_corn,v_count_pistachios,v_count_cantaloupes,v_count_rice,v_count_dbl_crop_oats_corn,v_count_pecans,v_count_sunflower,v_count_asparagus,v_count_sorghum,v_count_watermelons,v_pct_walnuts,v_pct_olives,v_pct_almonds,v_pct_tomatoes,v_pct_citrus,v_pct_oranges,v_pct_dbl_crop_win_wht_corn,v_pct_pistachios,v_pct_cantaloupes,v_pct_rice,v_pct_dbl_crop_oats_corn,v_pct_pecans,v_pct_sunflower,v_pct_asparagus,v_pct_sorghum,v_pct_watermelons,v_count_pomegranates,v_count_plums,v_pct_pomegranates,v_pct_plums,v_count_cotton,v_count_honeydew_melons,v_count_vetch,v_count_peaches,v_count_peppers,v_count_pop_or_orn_corn,v_count_canola,v_count_dbl_crop_win_wht_sorghum,v_count_dbl_crop_barley_corn,v_count_mint,v_pct_cotton,v_pct_honeydew_melons,v_pct_vetch,v_pct_peaches,v_pct_peppers,v_pct_pop_or_orn_corn,v_pct_canola,v_pct_dbl_crop_win_wht_sorghum,v_pct_dbl_crop_barley_corn,v_pct_mint,v_count_lentils,v_count_rape_seed,v_count_buckwheat,v_count_millet,v_count_soybeans,v_count_hops,v_count_mustard,v_count_lettuce,v_pct_lentils,v_pct_rape_seed,v_pct_buckwheat,v_pct_millet,v_pct_soybeans,v_pct_hops,v_pct_mustard,v_pct_lettuce,v_count_apricots,v_pct_apricots,v_count_cauliflower,v_count_turnips,v_pct_cauliflower,v_pct_turnips,v_count_sweet_potatoes,v_pct_sweet_potatoes,v_count_durum_wheat,v_count_chick_peas,v_pct_durum_wheat,v_pct_chick_peas,v_count_nectarines,v_pct_nectarines,v_count_dbl_crop_win_wht_cotton,v_pct_dbl_crop_win_wht_cotton,v_count_gourds,v_pct_gourds,domain
Threatened,Lake Ozette Sockeye,0,0,0,0,Sockeye,Washington Coast,Sockeye,Sockeye,Salmon,232.354384414763,172265,33329,33279,7948,4664,4012,847,620,541,496,106,24,24,10,1,1,0.6672618886224808,0.12909860671580797,0.12890493362823288,0.030786274000937378,0.018065825609005024,0.015540328547025762,0.003280822103522139,0.0024015462859312,0.002095542807562547,0.0019212370287449597,4.105869456592051e-4,9.296308203604644e-5,9.296308203604644e-5,3.873461751501935e-5,3.873461751501935e-6,3.873461751501935e-6,NA,NA,NA,NA,NA,NA,NA,NA,NA,NA,NA,NA,NA,NA,NA,NA,NA,NA,NA,NA,NA,NA,NA,NA,NA,NA,NA,NA,NA,NA,NA,NA,NA,NA,NA,NA,NA,NA,NA,NA,NA,NA,NA,NA,NA,NA,NA,NA,NA,NA,NA,NA,NA,NA,NA,NA,NA,NA,NA,NA,NA,NA,NA,NA,NA,NA,NA,NA,NA,NA,NA,NA,NA,NA,NA,NA,NA,NA,NA,NA,NA,NA,NA,NA,NA,NA,NA,NA,NA,NA,NA,NA,NA,NA,NA,NA,NA,NA,NA,NA,NA,NA,NA,NA,NA,NA,NA,NA,NA,NA,NA,NA,NA,NA,NA,NA,NA,NA,NA,NA,NA,NA,NA,NA,NA,NA,NA,NA,NA,NA,NA,NA,NA,NA,NA,NA,NA,NA,NA,NA,NA,NA,NA,NA,NA,NA,NA,NA,NA,NA,NA,NA,NA,NA,NA,NA,NA,NA,NA,NA,NA,NA,NA,NA,NA,NA,NA,NA,NA,NA,NA,NA,Puget Sound
Endangered,Snake River Sockeye,0,0,0,0,Sockeye,Snake River,Sockeye,Sockeye,Salmon,699.242730206988,428406,20001,135687,152790,3249,8464,35,521,1118,NA,10560,NA,194,NA,247,NA,0.5514009429287423,0.0257432675067991,0.17464260477951352,0.19665585932522547,0.004181784717243652,0.010894006108571951,4.504846571361275e-5,6.705785896226355e-4,0.00143897670479483,NA,0.01359176565530716,NA,2.496972099554535e-4,NA,3.179134580360671e-4,NA,15656,4,4,2,2,1,0.020150822263209175,5.148396081555742e-6,5.148396081555742e-6,2.574198040777871e-6,2.574198040777871e-6,1.2870990203889355e-6,NA,NA,NA,NA,NA,NA,NA,NA,NA,NA,NA,NA,NA,NA,NA,NA,NA,NA,NA,NA,NA,NA,NA,NA,NA,NA,NA,NA,NA,NA,NA,NA,NA,NA,NA,NA,NA,NA,NA,NA,NA,NA,NA,NA,NA,NA,NA,NA,NA,NA,NA,NA,NA,NA,NA,NA,NA,NA,NA,NA,NA,NA,NA,NA,NA,NA,NA,NA,NA,NA,NA,NA,NA,NA,NA,NA,NA,NA,NA,NA,NA,NA,NA,NA,NA,NA,NA,NA,NA,NA,NA,NA,NA,NA,NA,NA,NA,NA,NA,NA,NA,NA,NA,NA,NA,NA,NA,NA,NA,NA,NA,NA,NA,NA,NA,NA,NA,NA,NA,NA,NA,NA,NA,NA,NA,NA,NA,NA,NA,NA,NA,NA,NA,NA,NA,NA,NA,NA,NA,NA,NA,NA,NA,NA,NA,NA,NA,NA,NA,NA,NA,NA,NA,NA,NA,NA,NA,NA,NA,NA,Interior Columbia
Not Warranted,Even Year Pink Salmon,-122.2509,47.4243,-121.0702,48.1723,Even Year Pink Salmon,Puget Sound,Pink,Pink,Salmon,3531.8815514398502,1958770,58754,465355,83681,45938,72459,113145,221170,174023,524566,40565,1223,63670,675,1100,804,0.4991395902395667,0.014971868818153997,0.11858314351145544,0.021323841007794272,0.011706057626176231,0.018464217631048448,0.02883194501531868,0.05635919642085848,0.044345057823154385,0.133671466427201,0.010336893804820384,3.1164849311710415e-4,0.01622457854191825,1.7200550519545814e-4,2.8030526772593176e-4,2.0487766841059013e-4,4833,76,5,16357,137,5751,0.0012315594171994802,1.9366545770155286e-5,1.27411485329969e-6,0.0041681393310846054,3.49107469804115e-5,0.0014654869042653033,36063,17226,12129,2257,1589,565,429,354,245,102,59,53,41,31,30,28,12,7,4,3,3,2,2,1,1,0.009189680790909344,0.0043895804925880915,0.003090747811134388,5.7513544477948e-4,4.0491370037864144e-4,1.4397497842286497e-4,1.093190544131134e-4,9.020733161361805e-5,6.24316278116848e-5,2.5991943007313674e-5,1.503455526893634e-5,1.3505617444976714e-5,1.0447741797057457e-5,7.899512090458078e-6,7.64468911979814e-6,7.135043178478264e-6,3.057875647919256e-6,1.783760794619566e-6,1.0192918826397518e-6,7.64468911979814e-7,7.64468911979814e-7,5.096459413198759e-7,5.096459413198759e-7,2.5482297065993796e-7,2.5482297065993796e-7,NA,NA,NA,NA,NA,NA,NA,NA,NA,NA,NA,NA,NA,NA,NA,NA,NA,NA,NA,NA,NA,NA,NA,NA,NA,NA,NA,NA,NA,NA,NA,NA,NA,NA,NA,NA,NA,NA,NA,NA,NA,NA,NA,NA,NA,NA,NA,NA,NA,NA,NA,NA,NA,NA,NA,NA,NA,NA,NA,NA,NA,NA,NA,NA,NA,NA,NA,NA,NA,NA,NA,NA,NA,NA,NA,NA,NA,NA,NA,NA,NA,NA,NA,NA,NA,NA,NA,NA,NA,NA,NA,NA,NA,NA,NA,NA,NA,NA,NA,NA,NA,NA,NA,NA,NA,NA,NA,NA,NA,NA,Puget Sound
Threatened,Hood Canal Summer-run Chum Salmon,-123.5247,47.2657,-122.5403,48.1848,Summer-run Chum,Puget Sound,Chum,Chum,Salmon,3558.30745648504,2531777,14715,486165,123729,28533,138484,110360,145332,89322,170320,21597,1885,25076,1539,4396,1276,0.6403526498947953,0.003721808533374746,0.12296384951601314,0.03129430159877159,0.0072167422958057505,0.03502622717878819,0.027912931684895476,0.03675826556387486,0.0225918710036085,0.04307838460104565,0.005462446408106992,4.7676582299771634e-4,0.006342376539782883,3.892533695456156e-4,0.0011118634259405628,3.227337878753772e-4,45655,NA,NA,963,NA,1706,0.011547344110854504,NA,NA,2.4356789790281211e-4,NA,4.3149203927538677e-4,644,7685,70,NA,1139,45,7,244,1,1,NA,NA,34,432,NA,NA,NA,NA,7,1,NA,1,NA,NA,NA,1.628844509339678e-4,0.0019437375860676127,1.770483162325737e-5,NA,2.8808290312700205e-4,1.1381677472094023e-5,1.770483162325737e-6,6.171398451535426e-5,2.5292616604653386e-7,2.5292616604653386e-7,NA,NA,8.59948964558215e-6,1.0926410373210262e-4,NA,NA,NA,NA,1.770483162325737e-6,2.5292616604653386e-7,NA,2.5292616604653386e-7,NA,NA,NA,319,259,2,2,8.06834469688443e-5,6.550787700605227e-5,5.058523320930677e-7,5.058523320930677e-7,NA,NA,NA,NA,NA,NA,NA,NA,NA,NA,NA,NA,NA,NA,NA,NA,NA,NA,NA,NA,NA,NA,NA,NA,NA,NA,NA,NA,NA,NA,NA,NA,NA,NA,NA,NA,NA,NA,NA,NA,NA,NA,NA,NA,NA,NA,NA,NA,NA,NA,NA,NA,NA,NA,NA,NA,NA,NA,NA,NA,NA,NA,NA,NA,NA,NA,NA,NA,NA,NA,NA,NA,NA,NA,NA,NA,NA,NA,NA,NA,NA,NA,NA,NA,NA,NA,NA,NA,NA,NA,NA,NA,NA,NA,NA,NA,NA,NA,NA,NA,NA,NA,Puget Sound
Not Warranted,Deschutes River Summer\Fall-run Chinook Salmon,-121.8203,44.6415,-120.7721,45.6412,Summer/fall-run Chinook,Middle Columbia River,Late Chinook,Chinook,Salmon,3626.26292607424,1173545,17790,2437184,24266,802,15221,205,37443,12295,69,365,NA,2265,NA,23167,135914,0.2912625094126179,0.00441530579777552,0.6048854775405134,0.006022586311906732,1.9904863686430392e-4,0.00377770486497702,5.0879015657334545e-5,0.009292990162232085,0.003051499987838674,1.7125132099297968e-5,9.058946690208345e-5,NA,5.621510754334768e-4,NA,0.005749825149919363,0.03373253919049252,5,156,15,154,NA,6537,1.2409516013984036e-6,3.871768996363019e-5,3.7228548041952105e-6,3.822130932307083e-5,NA,0.0016224201236682727,13754,398,1,30,NA,NA,25067,NA,NA,57,216,NA,80427,NA,NA,NA,NA,15,NA,8,NA,NA,NA,624,6478,0.0034136096651267286,9.877974747131292e-5,2.481903202796807e-7,7.445709608390421e-6,NA,NA,0.006221386758450756,NA,NA,1.41468482559418e-5,5.360910918041103e-5,NA,0.019961202889133882,NA,NA,NA,NA,3.7228548041952105e-6,NA,1.9855225622374456e-6,NA,NA,NA,1.5487075985452076e-4,0.0016077768947717716,1886,NA,8921,NA,4.680869440474778e-4,NA,0.0022141058472150317,NA,1890,1085,479,428,3,1,4.6907970532859654e-4,2.6928649750345356e-4,1.1888316341396706e-4,1.0622545707970334e-4,7.445709608390421e-7,2.481903202796807e-7,NA,NA,NA,NA,NA,NA,NA,NA,NA,NA,NA,NA,NA,NA,NA,NA,NA,NA,NA,NA,NA,NA,NA,NA,NA,NA,NA,NA,NA,NA,NA,NA,NA,NA,NA,NA,NA,NA,NA,NA,NA,NA,NA,NA,NA,NA,NA,NA,NA,NA,NA,NA,NA,NA,NA,NA,NA,NA,NA,NA,NA,NA,NA,NA,NA,NA,NA,NA,NA,NA,NA,NA,NA,NA,NA,NA,NA,NA,NA,NA,NA,NA,NA,NA,NA,NA,NA,NA,NA,NA,Interior Columbia
Endangered,Central California Coast Coho Salmon,-124.364,36.8748,-121.809,40.3023,Coho,North-Central California Coast,Coho,Coho,Salmon,10611.5331416066,5627270,48764,2181480,1474509,47294,17156,80447,705135,187108,887133,22817,NA,172253,66134,3950,1532,0.47726801049006295,0.004135841582781247,0.18501877811511844,0.1250581502006643,0.00401116585628858,0.0014550590229307498,0.0068229851490854525,0.05980491047646737,0.015869269273870758,0.07524078317729219,0.0019351877900565934,NA,0.014609365928939756,0.005609050677459909,3.3501300656192944e-4,1.2993415849439895e-4,NA,1,NA,2,NA,45,NA,8.481341938276695e-8,NA,1.696268387655339e-7,NA,3.8166038722245125e-6,18622,33945,NA,NA,NA,NA,40,10,3,207545,3,14,674,3523,NA,2,NA,NA,1981,NA,NA,NA,NA,17,7,0.0015793954957458861,0.002878991520948024,NA,NA,NA,NA,3.392536775310678e-6,8.481341938276695e-7,2.5444025814830083e-7,0.017602601125796365,2.5444025814830083e-7,1.1873878713587373e-6,5.7164244663984924e-5,2.9879767648548797e-4,NA,1.696268387655339e-7,NA,NA,1.6801538379726132e-4,NA,NA,NA,NA,1.4418281295070381e-6,5.936939356793686e-7,184,133,4,NA,1.5605669166429117e-5,1.1280184777908003e-5,3.392536775310678e-7,NA,NA,NA,NA,12,2,NA,NA,NA,NA,1.0177610325932033e-6,1.696268387655339e-7,NA,464,1,222,15,NA,NA,NA,63,1,24,27,3,1,NA,6,4,3.935342659360387e-5,8.481341938276695e-8,1.8828579102974263e-5,1.2722012907415042e-6,NA,NA,NA,5.3432454211143175e-6,8.481341938276695e-8,2.0355220651864067e-6,2.2899623233347075e-6,2.5444025814830083e-7,8.481341938276695e-8,NA,5.088805162966017e-7,3.392536775310678e-7,4,1,3.392536775310678e-7,8.481341938276695e-8,NA,NA,NA,NA,NA,NA,NA,NA,NA,NA,NA,NA,NA,NA,NA,NA,NA,NA,NA,NA,NA,NA,NA,NA,NA,NA,NA,NA,NA,NA,NA,NA,NA,NA,NA,NA,NA,NA,NA,NA,NA,NA,NA,NA,NA,NA,NA,NA,NA,NA,NA,NA,NA,NA,North-Central California Coast
Endangered,Sacramento River Winter-run Chinook Salmon,-122.6622,38.0255,-121.2208,40.7301,Winter-run Chinook,California Central Valley,Late Chinook,Chinook,Salmon,11049.8908467688,694512,184021,785331,2552032,87792,63609,71417,527095,318333,73931,192025,NA,381168,NA,523553,1321062,0.056567130870214685,0.01498827952557735,0.06396422445319384,0.20785980390400124,0.007150548231503397,0.005180873228286172,0.00581682503017676,0.04293122630859626,0.025927823380025184,0.006021587175406388,0.0156401952815113,NA,0.031045655279589107,NA,0.042642734853384115,0.10759884212463938,24,22070,1132,204839,3,13676,1.954769882860415e-6,0.0017975738047803897,9.219997947491623e-5,0.01668387950146852,2.4434623535755187e-7,0.0011138930382499598,204561,88238,NA,574,47,NA,5664,NA,34,121096,37291,3306,279367,38008,NA,13563,NA,27836,7,3449,NA,NA,3573,4297,308,0.016661236750325388,0.007186874371826553,NA,4.675157969841159e-5,3.828091020601646e-6,NA,4.613256923550579e-4,NA,2.7692573340522542e-6,0.009863117238952699,0.0030373051542394885,2.6926955136402213e-4,0.022754091577711064,0.0030957039044899434,NA,0.0011046893300514918,NA,0.0022672072691376044,5.701412158342876e-7,2.809167219160654e-4,NA,NA,2.9101636631084424e-4,3.4998525777713344e-4,2.5086213496708658e-5,37528,145843,173,178,0.0030566085068327352,0.011878729334417144,1.4090632905618822e-5,1.4497876631214743e-5,33,8,NA,104443,296,NA,2.6878085889330705e-6,6.515899609534716e-7,NA,0.00850675128648293,2.4108828555278447e-5,NA,883805,24650,411273,128319,1,112,11128,42715,8433,1238620,8105,1716,159344,13,18971,19856,0.07198480818006037,0.0020077115671878845,0.03349766975140214,0.010451421524948564,8.144874511918395e-8,9.122259453348602e-6,9.06361635686279e-4,0.0034790831477659423,6.868572675900783e-4,0.10088404467952362,6.601420791909859e-4,1.3976604662451966e-4,0.012978368842271246,1.0588336865493914e-6,0.0015451641436560386,0.0016172462830865164,369,158111,3.005458694897888e-5,0.012877942539539293,10196,6304,3851,1796,1584,879,74,61,26,2,8.304514052351995e-4,5.134528892313357e-4,3.136591174539774e-4,1.4628194623405436e-4,1.2901481226878738e-4,7.159344695976269e-5,6.027207138819612e-6,4.968373452270221e-6,2.117667373098783e-6,1.628974902383679e-7,NA,NA,NA,NA,NA,NA,NA,NA,NA,NA,NA,NA,NA,NA,NA,NA,NA,NA,NA,NA,NA,NA,NA,NA,NA,NA,NA,NA,NA,NA,NA,NA,NA,NA,Central Valley
Threatened,Snake River Fall-run Chinook Salmon,-119.076,45.1408,-115.8262,46.7986,Fall-run Chinook,Snake River,Late Chinook,Chinook,Salmon,11431.4048058902,3171792,235560,4119695,2353106,4024,926,3851,212333,64402,123,6048,360,21777,NA,102475,515413,0.24971773038935768,0.018545827901235986,0.32434689453040577,0.18526192439024372,3.1681275035903215e-4,7.290472336790849e-5,3.031923214792825e-4,0.016717147545224745,0.00507042116019443,9.683888741093677e-6,4.7616389517182565e-4,2.8343088998322956e-5,0.0017145206919902194,NA,0.008067939014175402,0.04057887924970175,3,225,406,50657,61741,28575,2.3619240831935797e-7,1.7714430623951848e-5,3.1964705925886446e-5,0.003988266276077905,0.00486091849401516,0.0022497326892418844,218976,3876,2883,55630,NA,NA,44833,21,3,13573,212411,NA,904265,4217,NA,NA,99,NA,NA,50842,14,1,33,4946,175026,0.017240156268046578,3.051605915486105e-4,2.26980904394903e-4,0.004379794558268628,NA,NA,0.0035297380807272584,1.6533468582355057e-6,2.3619240831935797e-7,0.0010686131860395485,0.016723288547841046,NA,0.07119350936963474,3.320077952942442e-4,NA,NA,7.794349474538813e-6,NA,NA,0.004002831474590933,1.1022312388236705e-6,7.873080277311932e-8,2.5981164915129377e-6,3.8940255051584814e-4,0.013779937486167982,3040,3191,355,NA,2.3934164043028274e-4,2.5122999164902375e-4,2.7949434984457358e-5,NA,2,513,NA,NA,8969,NA,1.5746160554623864e-7,4.0388901822610214e-5,NA,NA,7.061365700721071e-4,NA,2,NA,NA,NA,NA,NA,NA,NA,NA,NA,NA,NA,458,2,251,NA,1.5746160554623864e-7,NA,NA,NA,NA,NA,NA,NA,NA,NA,NA,NA,3.6058707670088645e-005,1.5746160554623864e-7,1.9761431496052948e-5,NA,NA,NA,NA,NA,NA,NA,NA,NA,2,NA,16054,NA,NA,144,NA,NA,NA,NA,1.5746160554623864e-7,NA,0.0012639443077196576,NA,NA,1.1337235599329181e-5,19917,2719,449,222,60,11,5,2,0.0015680813988322175,2.1406905274011143e-4,3.5350130445130573e-5,1.747823821563249e-5,4.723848166387159e-6,8.660388305043125e-7,3.936540138655966e-7,1.5746160554623864e-7,NA,NA,NA,NA,NA,NA,NA,NA,NA,NA,NA,NA,NA,NA,NA,NA,NA,NA,Interior Columbia
Endangered,Upper Columbia River Spring-run Chinook Salmon,-121.1533,47.2827,-119.1427,49.0002,Spring-run Chinook,Upper Columbia River,Stream type Chinook,Chinook,Salmon,11680.1371090878,5833523,151848,5003393,601750,24936,306783,1604,164796,214423,550,5991,NA,66923,NA,44127,167097,0.4494968560001449,0.011700510753092084,0.38553193719012213,0.046367303788480335,0.0019214210008633912,0.02363888750833629,1.2359477403692972e-4,0.012698207220816627,0.016522170968404352,4.237975418972029e-5,4.616311042738441e-4,NA,0.005156691435706638,NA,0.0034001662056905224,0.01287550870152671,12984,7,NA,5422,17,4506,0.0010004704152715058,5.393786896873491e-7,NA,4.177873222121153e-4,1.3099196749549908e-6,3.472057679615993e-4,7913,14112,1,158159,NA,1,2,3,NA,309,73,NA,91358,807,NA,NA,35,47603,NA,3294,2,NA,2,22677,7651,6.097290816422848e-4,0.001087387438409696,7.705409852676416e-8,0.012186799168894494,NA,7.705409852676416e-8,1.5410819705352832e-7,2.3116229558029248e-7,NA,2.3809716444770127e-5,5.624949192453784e-6,NA,0.007039508333208121,6.218265751109868e-5,NA,NA,2.6968934484367458e-6,0.0036680062521695545,NA,2.5381620054716115e-4,1.5410819705352832e-7,NA,1.5410819705352832e-7,0.001747355792291431,5.895409078282726e-4,2041,NA,4,NA,1.5726741509312567e-4,NA,3.0821639410705664e-7,NA,NA,3,NA,NA,40,NA,NA,2.3116229558029248e-7,NA,NA,3.0821639410705666e-6,NA,1,NA,NA,NA,NA,NA,NA,NA,NA,NA,NA,NA,142,NA,NA,5,7.705409852676416e-8,NA,NA,NA,NA,NA,NA,NA,NA,NA,NA,NA,1.094168199080051e-5,NA,NA,3.852704926338208e-7,NA,NA,NA,NA,NA,NA,NA,NA,NA,NA,10882,NA,NA,16,NA,NA,NA,NA,NA,NA,8.385027001682476e-4,NA,NA,1.2328655764282266e-6,2,NA,2,NA,NA,55,NA,NA,1.5410819705352832e-7,NA,1.5410819705352832e-7,NA,NA,4.237975418972029e-6,NA,NA,20,1.5410819705352833e-6,NA,NA,NA,NA,NA,NA,NA,NA,NA,NA,NA,NA,NA,NA,NA,NA,Interior Columbia
Threatened,Columbia River Chum Salmon,-124.0914,45.1304,-120.9133,46.6495,Chum,Lower Columbia River,Chum,Chum,Salmon,12288.0609157066,5035950,446388,2499675,1010999,317476,115577,460198,751256,616768,832893,242937,18753,368514,464821,26116,67244,0.3688407343665566,0.032694144646475534,0.1830800469976315,0.07404712389993037,0.023252431216306144,0.008465037491612013,0.033705610316627575,0.05502314652394918,0.04517303826562861,0.06100236614119768,0.017793080051392123,0.00137349860335707,0.026990532944996922,0.03404420595696884,0.0019127760638443577,0.004925054129160284,3155,237,NA,30423,183,3430,2.310770593287237e-4,1.7358245027229008e-5,NA,0.0022282273774826503,1.3403201856467968e-5,2.512184828835253e-4,19443,147961,2167,1001,393,8148,18161,257,1030,3126,1918,2240,46996,1712,571,NA,8,26329,791,1367,118,24,29,45847,1049,0.001424035266094572,0.010836891529425447,1.5871441761183654e-4,7.33147817394778e-5,2.8783925298316455e-5,5.967720695437213e-4,0.0013301396115590971,1.8823075831214578e-5,7.543878640525686e-5,2.2895305466294464e-4,1.4047727410221618e-4,1.6406105004638388e-4,0.0034420594232052928,1.253895168211648e-4,4.182091945378803e-5,NA,5.859323215942281e-7,0.001928376511906804,5.79340582976293e-5,1.0012118545241373e-4,8.642501743514864e-6,1.7577969647826842e-6,2.124004665779077e-6,0.003357904893516322,7.683037566904316e-5,37,8151,NA,6,2.709936987373305e-6,5.969917941643191e-4,NA,4.3944924119567105e-7,42,74,33,NA,130,226,3.0761446883696977e-6,5.41987397474661e-6,2.416970826576191e-6,NA,9.521400225906206e-6,1.6552588085036943e-5,318,NA,NA,NA,NA,NA,NA,NA,NA,NA,NA,NA,NA,NA,NA,NA,2.3290809783370566e-5,NA,NA,NA,NA,NA,NA,NA,NA,NA,NA,NA,NA,NA,NA,NA,NA,12,NA,8.788984823913421e-7,NA,NA,13,NA,NA,NA,2,NA,NA,550,NA,NA,9.521400225906207e-7,NA,NA,NA,1.4648308039855703e-7,NA,NA,4.028284710960318e-5,NA,NA,20,NA,NA,134,NA,NA,NA,NA,1.4648308039855702e-6,NA,NA,9.814366386703321e-6,NA,NA,NA,NA,25,2,1.8310385049819628e-6,1.4648308039855703e-7,NA,NA,NA,NA,NA,NA,NA,NA,NA,NA,NA,NA,Willamette/Lower Columbia
Threatened,Upper Willamette River Steelhead,-123.7585,44.2094,-122.1244,45.7949,Steelhead,Upper Willamette River,Steelhead,Steelhead,Trout,12589.6710570561,4278957,67716,1987886,2132716,255407,29127,92558,443603,553097,825405,39843,56580,283584,NA,12464,92966,0.3058909221613802,0.004840831465490311,0.14210852824454592,0.15246202846822957,0.018258347245946063,0.0020822094939945694,0.006616718039796387,0.031711964093949704,0.039539390410955964,0.059005943879925415,0.00284826699863445,0.0040447493106125845,0.020272643840593126,NA,8.910172394392939e-4,0.006645884842884579,1,22769,NA,104206,71,3240,7.148726247106016e-8,0.001627693479203569,NA,0.007449401673059296,5.075595635445272e-6,2.3161873040623496e-4,126978,92369,51822,356,NA,1272,1579498,7856,5945,17162,49785,247971,52521,34492,3106,90,NA,7,191,19650,7522,163,8290,12850,13748,0.009077309614050278,0.006603206947189357,0.00370461291577528,2.544946543969742e-5,NA,9.093179786318854e-5,0.11291398809851459,5.616039339726487e-4,4.249917753904527e-4,0.0012268643985283347,0.0035589933621217305,0.01772676796221126,0.003754582512242551,0.0024657386571518072,2.2203943723511288e-4,6.433853622395415e-6,NA,5.004108372974212e-7,1.3654067131972492e-5,0.0014047247075563323,5.377271883073146e-4,1.1652423782782808e-5,5.926294058850888e-4,9.186113227531232e-4,9.828068844521351e-4,3358,234784,NA,NA,2.4005422737782004e-4,0.01678406543200539,NA,NA,4158,6069,NA,NA,7685,35579,2.972440373546682e-4,4.3385619593686416e-4,NA,NA,5.493796120900974e-4,0.0025434453114578496,1283,NA,NA,NA,NA,NA,NA,NA,NA,NA,NA,NA,NA,NA,96,NA,9.17181577503702e-5,NA,NA,NA,NA,NA,NA,NA,NA,NA,NA,NA,NA,NA,6.862777197221776e-6,NA,NA,2398,NA,1.7142645540560228e-4,NA,NA,444,NA,NA,NA,443,NA,NA,17643,NA,NA,3.174034453715071e-5,NA,NA,NA,3.166885727467965e-5,NA,NA,0.0012612497717769146,NA,780,2396,NA,NA,50583,59,NA,NA,5.576006472742693e-5,1.7128348088066015e-4,NA,NA,0.0036160401975736363,4.21774848579255e-6,NA,NA,NA,2931,1977,2.0952916630267735e-4,1.4133031790528595e-4,NA,NA,NA,NA,NA,NA,NA,NA,NA,NA,NA,NA,Willamette/Lower Columbia
Threatened,Central California Coast Steelhead,-123.3877,36.8748,-121.6242,39.3868,Steelhead,North-Central California Coast,Steelhead,Steelhead,Trout,14078.1590049666,2666774,427504,2149733,2636001,31052,32888,87899,1221282,901344,1601751,454153,NA,1295918,1158669,10830,12008,0.17048462267155615,0.027329971767604204,0.1374306256734138,0.1685173306200093,0.001985128287285372,0.0021025022256937176,0.005619309265879716,0.0780755328143905,0.05762216510933101,0.10239859652478527,0.02903361996185475,NA,0.08284694962650667,0.07407273629720001,6.923528066243908e-4,7.676613575203771e-4,NA,25,86,172,NA,449,NA,1.5982290088282335e-6,5.497907790369123e-6,1.0995815580738247e-5,NA,2.8704192998555073e-5,21033,386052,NA,8,NA,NA,240,11,5,416130,25,14,29100,81824,NA,20,NA,424,2033,NA,NA,NA,NA,103,21,0.0013446220297073693,0.024679980212646287,NA,5.114332828250347e-7,NA,NA,1.534299848475104e-5,7.032207638844227e-7,3.196458017656467e-7,0.026602841497747713,1.5982290088282335e-6,8.950082449438108e-7,0.0018603385662760638,0.005230939616734455,NA,1.2785832070625867e-6,NA,2.7105963989726838e-5,1.2996798299791195e-4,NA,NA,NA,NA,6.584703516372322e-6,1.342512367415716e-6,3698,2728,17,1,2.364100349858723e-4,1.7439874944333682e-4,1.0867957260031987e-6,6.392916035312933e-8,NA,NA,NA,5649,2,NA,NA,NA,NA,3.6113582683482766e-4,1.2785832070625867e-7,NA,1634,342,2052,69,35,18,30,94,10,114,54,7,40,1,50,16,1.0446024801701334e-4,2.1863772840770235e-5,1.311826370446214e-4,4.411112064365925e-6,2.237520612359527e-6,1.150724886356328e-6,1.91787481059388e-6,6.009341073194158e-6,6.392916035312934e-7,7.287924280256744e-6,3.4521746590689843e-6,4.475041224719054e-7,2.5571664141251735e-6,6.392916035312933e-8,3.196458017656467e-6,1.0228665656500693e-6,4,1,2.5571664141251733e-7,6.392916035312933e-8,NA,NA,NA,NA,NA,NA,67,NA,NA,NA,NA,NA,NA,NA,NA,NA,4.283253743659666e-6,NA,NA,NA,NA,NA,NA,NA,NA,NA,NA,NA,NA,NA,NA,NA,NA,NA,NA,NA,NA,NA,NA,NA,NA,NA,NA,NA,NA,NA,NA,NA,NA,NA,NA,NA,NA,NA,North-Central California Coast
Threatened,Lower Columbia River Steelhead,-123.1375,44.8004,-121.353,46.8744,Steelhead,Lower Columbia River,Steelhead,Steelhead,Trout,14912.3701670372,9571591,342089,2558652,853350,152909,183110,376007,656772,574224,566529,67967,26333,332271,NA,13297,12373,0.5776705231382562,0.02064596487562443,0.15442133281381804,0.051501901922055685,0.00922845763285828,0.011051166884569774,0.022693004788195224,0.039637906051622845,0.03465591859060234,0.034191505237007425,0.004101986017386018,0.001589265346356703,0.020053422925579614,NA,8.025086891165108e-4,7.467428751175895e-4,29794,99,3,15799,NA,2039,0.0017981457384024459,5.974908642741563e-6,1.8105783765883525e-7,9.535109257239794e-4,NA,1.2305897699545502e-4,11615,131009,2054,1763,135,8089,2680,120,543,1181,165,528,766,1298,5,NA,8,53838,791,1217,7,1,249,13588,38,7.009955948024571e-4,0.007906735417948783,1.239642661837492e-4,1.0640165593084218e-4,8.147602694647587e-6,4.881922829407728e-4,1.6174500164189282e-4,7.24231350635341e-6,3.277146861624918e-5,7.127643542502815e-5,9.958181071235939e-6,3.186617942795501e-5,4.623010121555593e-5,7.833769109372271e-5,3.017630627647254e-7,NA,4.828209004235607e-7,0.0032492639546254573,4.773891652937956e-5,7.344912947693417e-5,4.224682878706156e-7,6.035261255294509e-8,1.5027800525683326e-5,8.200712993694178e-4,2.2933992770119133e-6,17,1832,NA,6,1.0259944134000663e-6,1.1056598619699539e-4,NA,3.621156753176705e-7,31,25,NA,NA,25,53,1.8709309891412976e-6,1.5088153138236271e-6,NA,NA,1.5088153138236271e-6,3.1986884653060893e-6,321,NA,NA,NA,NA,NA,NA,NA,NA,NA,NA,NA,NA,NA,NA,NA,1.937318862949537e-5,NA,NA,NA,NA,NA,NA,NA,NA,NA,NA,NA,NA,NA,NA,NA,NA,8,NA,4.828209004235607e-7,NA,NA,3,NA,NA,NA,NA,NA,NA,38,NA,NA,1.8105783765883525e-7,NA,NA,NA,NA,NA,NA,2.2933992770119133e-6,NA,NA,1,NA,NA,30,NA,NA,NA,NA,6.035261255294509e-8,NA,NA,1.8105783765883525e-6,NA,NA,NA,NA,5,NA,3.017630627647254e-7,NA,NA,NA,NA,NA,NA,NA,NA,NA,NA,NA,NA,NA,Willamette/Lower Columbia
Threatened,South-central California Coast Steelhead,-121.9789,34.9688,-119.9104,37.1826,Steelhead,South-Central/Southern California Coast,Steelhead,Steelhead,Trout,16332.7159601508,1603290,32203,5612428,6011962,83501,211659,1109,1027948,268168,1625913,83709,NA,209031,4500,45346,385837,0.08834783287194681,0.0017745169382802257,0.3092677250839428,0.33128368168484496,0.004601246432423598,0.011663276112146516,6.11104333308316e-5,0.05664413680934327,0.014777153007630705,0.08959445264944312,0.004612708082678614,NA,0.011518462569501408,2.479683949402545e-4,0.002498749963769062,0.021261195910791772,NA,1436,611,6028,NA,40143,NA,7.912947002982343e-5,3.366859762411011e-5,3.32167441044412e-4,NA,0.0022120433951303637,66716,36769,NA,7,1389,NA,2968,33065,NA,533671,15129,20,26775,42084,NA,4213,NA,6,28831,1032,NA,NA,135,19931,53,0.0036763243192964486,0.002026122203012937,NA,3.85728614351507e-7,7.653957790489189e-5,NA,1.6354893248503896e-4,0.0018220166619332255,NA,0.029407453621369012,8.336697437891356e-4,1.10208175529002e-6,0.0014754119498945142,0.00231900042948126,NA,2.321535217518427e-4,NA,3.30624526587006e-7,0.0015887059543383283,5.686741857296503e-5,NA,NA,7.439051848207635e-6,0.0010982795732342695,2.920516651518553e-6,3361,1567,551,1121,1.8520483897648785e-4,8.634810552697306e-5,3.036235235824005e-5,6.177168238400561e-5,589,8,NA,9274,2405,NA,3.245630769329109e-5,4.40832702116008e-7,NA,5.110353099279822e-4,1.325253310736249e-4,NA,11344,96,20536,7005,3630,36,3155,1070,3522,1974,4000,NA,355,402,351,1296,6.251007716004994e-4,5.289992425392096e-6,0.0011316175463317924,3.860041347903295e-4,2.000278385851386e-4,1.983747159522036e-6,1.7385339689700066e-4,5.896137390801607e-5,1.9407659710657252e-4,1.0877546924712498e-4,2.20416351058004e-4,NA,1.9561951156397853e-5,2.21518432813294e-5,1.9341534805339852e-5,7.141489774279329e-5,27,15,1.4878103696415269e-6,8.26561316467515e-7,266,268,6,3,799,8,NA,149,NA,NA,1.4657687345357265e-5,1.4767895520886268e-5,3.30624526587006e-7,1.65312263293503e-7,4.40281661238363e-5,4.40832702116008e-7,NA,8.21050907691065e-6,NA,NA,NA,NA,NA,NA,NA,NA,NA,NA,NA,NA,NA,NA,NA,NA,NA,NA,NA,NA,NA,NA,NA,NA,669,3.686463471445117e-5,NA,NA,NA,NA,NA,NA,NA,NA,NA,NA,South-Central/Southern California Coast
Threatened,Northern California Steelhead,-124.4097,38.4508,-122.7576,41.5463,Steelhead,North-Central California Coast,Steelhead,Steelhead,Trout,16886.9068665213,11510111,77021,3936620,1291875,62913,73245,251496,658759,57140,603191,34570,NA,45639,85369,188,1,0.6134363761491628,0.004104867722594914,0.20980387652875956,0.06885104048411868,0.0033529757213177423,0.0039036241588847782,0.013403588797363454,0.03510884766581716,0.0030453011733043377,0.03214732691681164,0.0018424231984797157,NA,0.002432350371866235,0.004549778016517641,1.0019541837263134e-5,5.329543530459114e-8,10,NA,NA,5508,NA,NA,5.329543530459114e-7,NA,NA,2.93551257657688e-4,NA,NA,62883,6294,NA,NA,NA,NA,2,NA,NA,442,NA,NA,51,1,NA,NA,NA,NA,NA,NA,NA,NA,NA,NA,NA,0.003351376858258605,3.354414698070966e-4,NA,NA,NA,NA,1.0659087060918228e-7,NA,NA,2.3556582404629284e-5,NA,NA,2.718067200534148e-6,5.329543530459114e-8,NA,NA,NA,NA,NA,NA,NA,NA,NA,NA,NA,NA,NA,NA,NA,NA,NA,NA,NA,NA,NA,NA,3,NA,NA,NA,NA,NA,1.5988630591377343e-7,NA,NA,NA,NA,NA,NA,NA,NA,NA,NA,NA,NA,NA,NA,NA,NA,NA,NA,NA,NA,NA,NA,NA,NA,NA,NA,NA,NA,NA,NA,NA,NA,NA,NA,NA,1,NA,5.329543530459114e-8,NA,NA,NA,NA,NA,NA,NA,NA,NA,NA,NA,NA,NA,NA,NA,NA,NA,NA,NA,NA,NA,NA,NA,NA,NA,NA,NA,NA,NA,NA,NA,NA,NA,NA,NA,NA,NA,NA,NA,NA,NA,NA,NA,NA,NA,NA,NA,NA,NA,NA,NA,NA,NA,NA,North-Central California Coast
Not Warranted,Washington Coast Chinook Salmon,-124.7332,46.271,-122.4323,48.3918,Chinook,Washington Coast,Chinook,Chinook,Salmon,16928.7416533305,11165463,172387,3342980,930033,385709,380023,294511,599688,204641,305461,165523,19656,58721,644831,7965,4824,0.5936042367283784,0.00916483745966423,0.17772725513471627,0.0494445710936666,0.020505956317643622,0.020203663999802654,0.015657476753369873,0.03188200413320682,0.010879599404729753,0.01623962604643329,0.00879991757403982,0.0010449978542880851,0.003121861976070953,0.03428200098587913,4.2345380084475977e-4,2.56464674861911e-4,84317,1,NA,5490,4,613,0.004482655885226316,5.316431900122533e-8,NA,2.918721113167271e-4,2.1265727600490132e-7,3.2589727547751126e-5,1689,16777,2852,NA,11990,784,19,215,104,2,NA,NA,12,376,NA,1,7,NA,5,985,NA,4,3,NA,NA,8.979453479306958e-5,8.919377798835573e-4,1.5162463779149464e-4,NA,6.374401848246918e-4,4.168082609696066e-5,1.0101220610232813e-6,1.1430328585263447e-5,5.529089176127434e-6,1.0632863800245066e-7,NA,NA,6.37971828014704e-7,1.9989783944460723e-5,NA,5.316431900122533e-8,3.721502330085773e-7,NA,2.6582159500612664e-7,5.236685421620695e-5,NA,2.1265727600490132e-7,1.59492957003676e-7,NA,NA,8,928,NA,2,4.2531455200980264e-7,4.9336488033137106e-5,NA,1.0632863800245066e-7,NA,NA,NA,NA,NA,NA,NA,NA,NA,NA,NA,NA,4,NA,NA,NA,NA,NA,NA,NA,NA,NA,NA,NA,NA,NA,NA,NA,2.1265727600490132e-7,NA,NA,NA,NA,NA,NA,NA,NA,NA,NA,NA,NA,NA,NA,NA,NA,NA,NA,NA,NA,NA,NA,NA,NA,NA,NA,NA,NA,NA,NA,NA,NA,NA,NA,NA,NA,NA,NA,NA,NA,NA,NA,NA,NA,NA,NA,NA,NA,NA,NA,NA,NA,NA,NA,NA,NA,NA,NA,NA,NA,NA,NA,NA,NA,NA,NA,NA,NA,NA,NA,NA,NA,NA,Puget Sound
Threatened,Upper Columbia River Steelhead,-121.1533,46.2602,-118.9961,49.0002,Steelhead,Upper Columbia River,Steelhead,Steelhead,Trout,17464.7435148876,6404233,356221,8934588,696301,38583,343115,1742,248170,289884,592,26929,NA,103945,NA,307657,284485,0.33002628519407223,0.018356966921428002,0.4604218627553894,0.035882147387035684,0.0019882793398745624,0.017681581673303283,8.976965529019227e-5,0.012788826264849031,0.014938453934639549,3.0507253692189334e-5,0.0013877193153327139,NA,0.005356548116612534,NA,0.015854341468205902,0.014660229842267707,13445,1858,756,132162,64969,5622,6.928547734653473e-4,9.574742797312126e-5,3.895858748529584e-5,0.006810641321735011,0.0033480164951483933,2.8971584502954125e-4,85194,19811,1097,448821,NA,1,10760,28,NA,80728,40644,1237,185045,836,NA,NA,10501,49651,NA,9456,71,1,431,84633,42653,0.004390261775426315,0.00102091081570264,5.653117787218193e-5,0.023128878563145456,NA,5.15325231286982e-8,5.544899488647926e-4,1.4429106476035497e-6,NA,0.004160117527133548,0.0020944878700428094,6.374573111019968e-5,0.009535835742349959,4.3081189335591696e-5,NA,NA,5.411430253744598e-4,0.002558641305862994,NA,4.8729153870497017e-4,3.658809142137572e-6,5.15325231286982e-8,2.2210517468468926e-5,0.004361352029951115,0.0021980167090083643,2661,28,5695,NA,1.371280440454659e-4,1.4429106476035497e-6,2.9347771921793623e-4,NA,NA,5799,NA,NA,22916,NA,NA,2.9883710162332085e-4,NA,NA,0.001180919300017248,NA,6,NA,NA,NA,NA,NA,523,NA,NA,NA,NA,NA,1425,1160,2,1194,3.091951387721892e-7,NA,NA,NA,NA,NA,2.6951509596309158e-5,NA,NA,NA,NA,NA,7.343384545839493e-5,5.977772682928991e-5,1.030650462573964e-7,6.152983261566565e-5,NA,7,NA,3.607276619008874e-7,NA,NA,6,14,8,NA,13679,NA,NA,11781,NA,NA,3.091951387721892e-7,7.214553238017748e-7,4.122601850295856e-7,NA,7.049133838774626e-4,NA,NA,6.071046549791935e-4,2,NA,9081,NA,11,312,49,34,1.030650462573964e-7,NA,4.6796684253170835e-4,NA,5.668577544156802e-7,1.607814721615384e-5,2.5250936333062116e-6,1.7521057863757387e-6,190,9.791179394452659e-6,NA,NA,NA,NA,NA,NA,1761,21,9.074877322963752e-5,1.0821829857026621e-006,NA,NA,NA,NA,NA,NA,Interior Columbia
Threatened,Upper Willamette River Chinook Salmon,-123.5222,43.356,-121.7144,45.4562,Chinook,Upper Willamette River,Chinook,Chinook,Salmon,17594.9415672041,9626375,136537,2513768,2409662,285697,67610,53431,432268,489076,423114,44064,43957,234493,NA,9489,62246,0.4923972196651062,0.006983982982318329,0.12858135841197904,0.12325624849776361,0.01461364308648498,0.00345830865944427,0.002733040822108664,0.02211087365183635,0.025016650878958224,0.021642638812780692,0.0022539108529766646,0.002248437712515778,0.011994515197146356,NA,4.853703722743185e-4,0.00318393552456394,289,23452,NA,99674,50,2074,1.4782594328936458e-5,0.0011995896269972935,NA,0.005098409367274783,2.5575422714422937e-6,1.0608685341942634e-4,96694,84012,38523,327,NA,1205,1653840,7447,7247,13357,48666,241966,35623,21316,3610,103,NA,65,186,16232,9944,170,15725,9936,6777,0.004945979847896823,0.0042972848261682,0.0019704840184554297,1.67263264552326e-5,NA,6.163676874175927e-5,0.08459531420404247,3.809203459086152e-4,3.7069017682284604e-4,6.832218423930943e-4,0.0024893070436402135,0.01237676546503612,0.0018221465667117766,0.0010903314211612788,1.8465455199813361e-4,5.268537079171125e-6,NA,3.3248049528749817e-6,9.514057249765332e-6,8.302805230010262e-4,5.086440069444433e-4,8.695643722903799e-6,8.043470443686014e-4,5.082348001810126e-4,3.466492794712885e-4,2310,147465,NA,NA,1.1815845294063398e-4,0.007542959421164757,NA,NA,4323,11899,NA,NA,7133,30818,2.2112510478890072e-4,6.086439097578371e-4,NA,NA,3.6485898044395765e-4,0.0015763667544261722,945,NA,NA,NA,NA,NA,NA,NA,NA,NA,NA,NA,NA,NA,95,NA,4.833754893025935e-5,NA,NA,NA,NA,NA,NA,NA,NA,NA,NA,NA,NA,NA,4.859330315740358e-6,NA,NA,1640,NA,8.388738650330723e-5,NA,NA,335,NA,NA,NA,368,NA,NA,16365,NA,NA,1.7135533218663367e-5,NA,NA,NA,1.8823511117815283e-5,NA,NA,8.370835854430627e-4,NA,718,1927,NA,NA,48052,57,NA,NA,3.672630701791134e-5,9.8567679141386e-5,NA,NA,0.002457900424546902,2.9155981894442148e-6,NA,NA,NA,2825,2447,1.445011383364896e-4,1.2516611876438585e-4,NA,NA,NA,NA,NA,NA,NA,NA,NA,NA,NA,NA,Willamette/Lower Columbia
Endangered,Southern California Steelhead,-120.6717,32.5343,-116.4755,35.0921,Steelhead,South-Central/Southern California Coast,Steelhead,Steelhead,Trout,18312.270938314,879580,81720,9208620,1831975,68999,140664,481,1850607,1563933,712430,87818,NA,2690706,64632,21639,37458,0.04322891988102242,0.004016311572201678,0.4525781579785587,0.09003649525800501,0.003391109669240622,0.006913245851592962,2.363981725684052e-5,0.09095220643291033,0.07686297364229182,0.03501396051619728,0.004316011376010854,NA,0.13224074455693208,0.0031764837192185375,0.0010634968931824782,0.0018409569122801086,NA,NA,106,297,11,1499,NA,NA,5.209606297765271e-6,1.4596727079587598e-5,5.406195214662073e-7,7.36716966070768e-5,22170,868193,NA,NA,NA,NA,145,NA,NA,108202,18555,4,26740,6386,NA,NA,NA,NA,33436,NA,NA,NA,230,244,24,0.0010895940719005287,0.04266928038184645,NA,NA,NA,NA,7.126348237509097e-6,NA,NA,0.0053178284965169605,9.119268382550434e-4,1.9658891689680267e-7,0.001314196909455126,3.1385420582574547e-4,NA,NA,NA,NA,0.0016432867563403735,NA,NA,NA,1.1303862721566153e-5,1.1991923930704963e-5,1.179533501380816e-6,518,NA,1319,NA,2.5458264738135943e-5,NA,6.482519534672068e-5,NA,59,NA,NA,291,5451,NA,2.8996865242278394e-6,NA,NA,1.4301843704242393e-5,2.679015465011178e-4,NA,307,33,1845,221,179,130,4009,2520,315,NA,485,5,NA,NA,17,15,1.5088199371829605e-5,1.6218585643986219e-6,9.067663791865023e-5,1.0861537658548347e-5,8.797354031131919e-6,6.3891397991460865e-6,1.9703124195982047e-4,1.2385101764498567e-4,1.548137720562321e-5,NA,2.3836406173737324e-5,2.4573614612100334e-7,NA,NA,8.355028968114113e-7,7.3720843836301e-7,9,6,4.42325063017806e-7,2.94883375345204e-7,107,3,26,3,1,NA,208,1230,15,NA,5.258753526989471e-6,1.47441687672602e-7,1.2778279598292173e-6,1.47441687672602e-7,4.914722922420067e-8,NA,1.0222623678633738e-5,6.045109194576682e-5,7.3720843836301e-7,NA,NA,NA,NA,NA,NA,NA,NA,172,NA,NA,NA,NA,NA,NA,NA,8.453323426562515e-6,NA,NA,NA,NA,NA,NA,4,1.9658891689680267e-7,NA,NA,NA,NA,20,9.829445844840134e-7,NA,NA,NA,NA,South-Central/Southern California Coast
Threatened,Lower Columbia River Coho Salmon,-124.0914,44.8004,-121.353,46.8744,Coho,Lower Columbia River,Coho,Coho,Salmon,19318.8588214071,11417735,477259,3443760,1047554,331232,221538,526690,907085,658025,944176,247480,27368,363550,464821,20197,17748,0.5319134266347971,0.022233873012668152,0.16043306155799278,0.048801976725242634,0.015430971916154746,0.010320701672426245,0.02453669512160523,0.04225800393852414,0.030655145925296248,0.043985947432335415,0.011529251188924913,0.0012749820047619888,0.016936557579334297,0.021654428910971663,9.409095129413143e-4,8.26818935271696e-4,29795,237,3,30590,183,2076,0.0013880476772830845,1.1041023645446922e-5,1.3975979298034078e-7,0.0014250840224228748,8.525347371800787e-6,9.671377674239582e-5,14834,147675,2451,1836,393,8193,18168,257,1099,2181,1507,2240,956,1712,571,NA,8,55211,791,1376,118,24,266,13637,1030,6.91065589690125e-4,0.006879675809457275,1.1418375086493842e-4,8.553299330396856e-5,1.8308532880424643e-5,3.816839946293107e-4,8.463853062889438e-4,1.1972755598649194e-5,5.119867082846484e-5,1.0160536949670775e-4,7.020600267379119e-5,1.0435397875865446e-4,4.45367873630686e-5,7.975625519411447e-5,2.660094726392486e-5,NA,3.7269278128090875e-7,0.002572092643412532,3.6849998749149856e-5,6.41031583803163e-5,5.497218523893404e-6,1.1180783438427262e-6,1.2392034977590215e-5,6.353014322909691e-4,4.7984195589917004e-5,43,8170,NA,6,2.0032236993848844e-6,3.8061250288312805e-4,NA,2.7951958596068156e-7,42,73,NA,NA,126,226,1.9566371017247708e-6,3.400821629188292e-6,NA,NA,5.869911305174313e-6,1.0528571071185672e-5,332,NA,NA,NA,NA,NA,NA,NA,NA,NA,NA,NA,NA,NA,NA,NA,1.5466750423157713e-5,NA,NA,NA,NA,NA,NA,NA,NA,NA,NA,NA,NA,NA,NA,NA,NA,12,NA,5.590391719213631e-7,NA,NA,13,NA,NA,NA,NA,NA,NA,550,NA,NA,6.056257695814767e-7,NA,NA,NA,NA,NA,NA,2.5622628713062477e-5,NA,NA,20,NA,NA,125,NA,NA,NA,NA,9.317319532022719e-7,NA,NA,5.8233247075141996e-6,NA,NA,NA,NA,25,2,1.1646649415028399e-6,9.317319532022719e-8,NA,NA,NA,NA,NA,NA,NA,NA,NA,NA,NA,NA,Willamette/Lower Columbia
Threatened,Lower Columbia River Chinook Salmon,-124.0914,44.8004,-121.353,46.8744,Chinook,Lower Columbia River,Chinook,Chinook,Salmon,19318.8598970884,11417721,477259,3443766,1047554,331232,221540,526691,907083,658024,944177,247480,27369,363549,464821,20197,17748,0.5319129478825313,0.022233880263273994,0.1604333933959004,0.04880199263987421,0.015430976948291748,0.010320798211297682,0.024536749709788697,0.04225792454589932,0.030655109335519303,0.043986008363042395,0.011529254948686243,0.0012750290071544925,0.0169365165158394,0.021654435972617136,9.409098197778247e-4,8.268192049025515e-4,29795,237,3,30590,183,2076,0.0013880481299341628,1.104102724599418e-5,1.3975983855688835e-7,0.0014250844871517383,8.52535015197019e-6,9.671380828136674e-5,14834,147675,2451,1836,393,8193,18168,257,1099,2181,1507,2240,956,1712,571,NA,8,55211,791,1376,118,24,266,13637,1030,6.910658150509607e-4,0.00687967805296283,1.1418378810097779e-4,8.553302119681567e-5,1.8308538850952375e-5,3.816841190988621e-4,8.463855823005159e-4,1.1972759503040102e-5,5.119868752467344e-5,1.0160540263085784e-4,7.020602556841025e-5,1.043540127891433e-4,4.453680188679509e-5,7.975628120313096e-5,2.6600955938661084e-5,NA,3.7269290281836896e-7,0.002572093482188121,3.685001076616623e-5,6.410317928475946e-5,5.497220316570942e-6,1.1180787084551068e-6,1.2392039018710767e-5,6.353016394667622e-4,4.7984211237865e-5,43,8170,NA,6,2.003224352648733e-6,3.8061262700325927e-4,NA,2.795196771137767e-7,42,73,NA,NA,126,226,1.956637739796437e-6,3.4008227382176165e-6,NA,NA,5.869913219389311e-6,1.0528574504618923e-5,332,NA,NA,NA,NA,NA,NA,NA,NA,NA,NA,NA,NA,NA,NA,NA,1.546675546696231e-5,NA,NA,NA,NA,NA,NA,NA,NA,NA,NA,NA,NA,NA,NA,NA,NA,12,NA,5.590393542275534e-7,NA,NA,13,NA,NA,NA,NA,NA,NA,550,NA,NA,6.056259670798495e-7,NA,NA,NA,NA,NA,NA,2.5622637068762865e-5,NA,NA,20,NA,NA,125,NA,NA,NA,NA,9.317322570459223e-7,NA,NA,5.823326606537015e-6,NA,NA,NA,NA,25,2,1.164665321307403e-6,9.317322570459224e-8,NA,NA,NA,NA,NA,NA,NA,NA,NA,NA,NA,NA,Willamette/Lower Columbia
Threatened,California Coastal Chinook Salmon,-124.4097,38.2988,-122.5295,41.5463,Chinook,North-Central California Coast,Chinook,Chinook,Salmon,20218.8022256382,12483602,95507,5100085,1820746,70779,76758,296091,875772,151141,932641,35831,NA,132393,85432,2076,285,0.5556810719840921,0.0042512915857125765,0.22701946922130237,0.08104664736113407,0.00315057710058059,0.00341671960731806,0.013179863014284005,0.03898313353578978,0.006727721125741407,0.04151453648204386,0.0015949409866048282,NA,0.0058931936602264244,0.0038028243244013194,9.240873791386295e-5,1.2686170667365579e-5,10,NA,NA,5508,NA,NA,4.4512879534616065e-7,NA,NA,2.451769404766653e-4,NA,NA,71397,19737,NA,NA,NA,NA,3,NA,NA,207092,NA,14,186,2018,NA,NA,NA,NA,2,NA,NA,NA,NA,6,NA,0.0031780860601329833,8.785507033747173e-4,NA,NA,NA,NA,1.335386386038482e-7,NA,NA,0.00921826124858271,NA,6.231803134846249e-7,8.279395593438588e-6,8.982699090085521e-5,NA,NA,NA,NA,8.902575906923212e-8,NA,NA,NA,NA,2.670772772076964e-7,NA,NA,32,4,NA,NA,1.424412145107714e-6,1.7805151813846425e-7,NA,NA,NA,NA,6,NA,NA,NA,NA,NA,2.670772772076964e-7,NA,NA,150,1,16,NA,NA,NA,NA,62,NA,13,NA,3,1,NA,2,NA,6.6769319301924094e-6,4.451287953461606e-8,7.12206072553857e-7,NA,NA,NA,NA,2.759798531146196e-6,NA,5.786674339500088e-7,NA,1.335386386038482e-7,4.451287953461606e-8,NA,8.902575906923212e-8,NA,4,2,1.7805151813846425e-7,8.902575906923212e-8,NA,NA,NA,NA,NA,NA,NA,NA,NA,NA,NA,NA,NA,NA,NA,NA,NA,NA,NA,NA,NA,NA,NA,NA,NA,NA,NA,NA,NA,NA,NA,NA,NA,NA,NA,NA,NA,NA,NA,NA,NA,NA,NA,NA,NA,NA,NA,NA,NA,NA,NA,NA,NA,NA,North-Central California Coast
Threatened,Central Valley Spring-run Chinook Salmon,-123.069,38.0255,-121.0006,40.8065,Spring-run Chinook,California Central Valley,Stream type Chinook,Chinook,Salmon,23474.3265473036,3752846,239371,4201907,6300396,120416,107544,531887,1160474,560999,155727,204501,NA,681160,NA,579213,1905919,0.14388291552411225,0.009177407591977467,0.1610997706597009,0.2415551678476694,0.0046167109323834495,0.004123202568697231,0.020392377488810755,0.044492202054102044,0.02150852225913652,0.005970523380342127,0.007840502942992192,NA,0.02611545657306596,NA,0.022206841194514142,0.07307232496958321,68,26488,1801,212579,3,18086,2.607098254402028e-6,0.0010155414494500135,6.904976406144195e-5,0.008150210879743068,1.1501904063538359e-7,6.934114563105159e-4,267249,158722,NA,576,155,NA,5973,14,35,133004,38453,5583,296730,48147,NA,13602,NA,28260,7,3456,NA,NA,3617,6411,317,0.010246241196921876,0.006085350722576451,NA,2.2083655801993648e-5,5.942650432828152e-6,NA,2.2900290990504873e-4,5.367555229651234e-7,1.3418888074128085e-6,0.0050993308268895195,0.001474275723184135,2.1405043462244884e-4,0.01137653330924579,0.001845940583157271,NA,5.214963302408291e-4,NA,0.0010834793627853133,2.683777614825617e-7,1.325019348119619e-4,NA,NA,1.386746233260608e-4,2.4579568983781473e-4,1.2153678627138866e-5,38034,161687,174,180,0.001458211397175393,0.0061990278744044214,6.671104356852248e-6,6.901142438123015e-6,33,9,NA,105593,488,NA,1.2652094469892194e-6,3.4505712190615074e-7,NA,0.00404840185260402,1.870976394335573e-5,NA,1116902,35251,507973,128952,2,165,11874,46602,8564,1680455,9670,2661,160839,23,19645,20395,0.042821665507913734,0.001351512067145969,0.019475522376225903,0.004943978442671328,7.667936042358906e-8,6.326047234946097e-6,4.552453628348482e-4,0.0017867057772300485,3.283410213338083e-4,0.06442810731031118,3.707447076480531e-4,1.0202188904358524e-4,0.00616651582558482,8.818126448712742e-7,7.531830177607035e-4,7.819377779195494e-4,385,227603,1.4760776881540894e-5,0.00872622623524507,10600,6408,3873,2955,1589,1195,74,61,26,2,4.06400610245022e-4,2.456806707971793e-4,1.484895814602802e-4,1.1329375502585283e-4,6.0921751856541505e-5,4.581591785309446e-5,2.837136335672795e-6,2.338720492919466e-6,9.968316855066578e-7,7.667936042358906e-8,NA,NA,NA,NA,NA,NA,NA,NA,NA,NA,NA,NA,NA,NA,NA,NA,NA,NA,NA,NA,NA,NA,NA,NA,NA,NA,NA,NA,NA,NA,NA,NA,NA,NA,Central Valley
Threatened,Puget Sound Chinook Salmon,-123.7579,46.7315,-120.9068,49.0069,Chinook,Puget Sound,Chinook,Chinook,Salmon,24956.6655278812,13903968,445775,3367664,907814,259132,833567,818090,1474189,1443558,2196562,152041,18065,672742,7501,7009,10561,0.5014122808498006,0.016075774879215764,0.121446488324467,0.03273807076709187,0.009344955854412964,0.030060536007499854,0.029502396210953113,0.053162986918100404,0.052058355522608825,0.07921358582298231,0.005482983317617283,6.514696274870345e-4,0.024260779415160947,2.7050504709550207e-4,2.527622817080888e-4,3.8085639279770663e-4,302923,5761,147,120447,40800,20940,0.010924170161486573,2.0775624267660146e-4,5.301192097458847e-6,0.0043436237045076575,0.001471351276029394,7.551494049033214e-4,242894,254746,104280,3758,4587,59918,11014,14069,3834,364,2508,722,3702,204,3547,357,1527,18,589,580,2605,2263,156,1,436,0.008759372471565776,0.009186785592239805,0.00376060076138101,1.3552299253231527e-4,1.6541883095948115e-4,0.002160794748949246,3.9719271946538596e-4,5.073637525112144e-4,1.3826374490923278e-4,1.312676138418381e-5,9.044482843827747e-5,2.6037147580716238e-5,1.3350349078090237e-4,7.3567563801469706e-6,1.279137984332417e-4,1.28743236652572e-5,5.506748525727659e-5,6.491255629541444e-7,2.1240830921110617e-5,2.0916268139633545e-5,9.394289397197479e-5,8.160950827584605e-5,5.6257548789359185e-6,3.606253127523025e-8,1.572326363600039e-5,315,565,4,184,1.1359697351697528e-5,2.037533017050509e-5,1.44250125100921e-7,6.635505754642366e-6,NA,40,NA,NA,NA,NA,NA,1.44250125100921e-6,NA,NA,NA,NA,43,NA,NA,NA,NA,NA,327,NA,NA,NA,NA,NA,NA,NA,199,NA,1.5506888448349007e-6,NA,NA,NA,NA,NA,1.179244772700029e-5,NA,NA,NA,NA,NA,NA,NA,7.176443723770819e-6,NA,NA,NA,NA,NA,NA,NA,NA,NA,NA,NA,NA,NA,NA,NA,NA,NA,NA,NA,NA,NA,NA,NA,NA,NA,NA,NA,NA,NA,NA,NA,NA,NA,NA,NA,NA,NA,NA,NA,NA,NA,NA,NA,NA,NA,NA,NA,NA,NA,NA,NA,NA,NA,NA,NA,NA,NA,NA,NA,Puget Sound
Threatened,Puget Sound Steelhead,-123.751,46.7315,-120.9068,49.0024,Steelhead,Puget Sound,Steelhead,Steelhead,Trout,25904.9716964961,13640960,438953,3391516,1055256,298532,818145,977795,1696426,1733079,2450226,178210,20936,854537,8848,8511,11758,0.47391954815993537,0.015250276184626895,0.11782937053529893,0.03666211518200044,0.010371715080997365,0.028424312418576868,0.033970934933688246,0.058937893183967,0.060211305993527774,0.08512670653749631,0.00619144126788599,7.273666706944678e-4,0.029688657464426747,3.0740066403824273e-4,2.956924787103847e-4,4.0850101805624527e-4,213379,5760,147,121052,40970,21299,0.007413296371136551,2.0011616465419058e-4,5.107131285445489e-6,0.0042056357575901175,0.0014233957058823244,7.399781581544453e-4,244219,327319,105482,3704,5144,60268,10822,14148,4031,365,2508,722,3742,530,3547,357,1527,18,616,582,2606,2275,156,1,436,0.008484751669389196,0.011371844253202259,0.003664696750009259,1.2868581143734756e-4,1.787148526008952e-4,0.0020938543422532566,3.759821412999393e-4,4.915353294318556e-4,1.400465728682365e-4,1.2680972239371451e-5,8.713391335984549e-5,2.5084005361167638e-5,1.3000602224583007e-4,1.8413466539361286e-5,1.2323125625493298e-4,1.2403033121796187e-5,5.305162906717865e-5,6.253630145443456e-7,2.140131205329538e-5,2.0220070803600507e-5,9.053866755014248e-5,7.90389365604659e-5,5.419812792717661e-6,3.4742389696908086e-8,1.5147681907851926e-5,358,670,4,184,1.2437775511493095e-5,2.3277401096928417e-5,1.3896955878763234e-7,6.392599704231088e-6,NA,40,NA,NA,NA,NA,NA,1.3896955878763235e-6,NA,NA,NA,NA,45,NA,NA,NA,NA,NA,362,NA,NA,NA,NA,NA,NA,NA,199,NA,1.563407536360864e-6,NA,NA,NA,NA,NA,1.2576745070280728e-5,NA,NA,NA,NA,NA,NA,NA,6.91373554968471e-6,NA,NA,NA,NA,NA,NA,NA,NA,NA,NA,NA,NA,NA,NA,NA,NA,NA,NA,NA,NA,NA,NA,NA,NA,NA,NA,NA,NA,NA,NA,NA,NA,NA,NA,NA,NA,NA,NA,NA,NA,NA,NA,NA,NA,NA,NA,NA,NA,NA,NA,NA,NA,NA,NA,NA,NA,NA,NA,NA,Puget Sound
Not Warranted,Puget Sound\Strait of Georgia Chum Salmon,-123.751,46.7315,-120.9068,49.0025,Chum,Puget Sound,Chum,Chum,Salmon,27711.4841604104,14587887,453750,3531358,1202499,318785,905220,1043644,1792653,1851075,2609184,202204,21334,888598,31068,15620,14698,0.4737782123990031,0.014736669119801081,0.11468970664366393,0.03905417053419654,0.010353342292795125,0.02939928952204151,0.033894956048188825,0.05822090161458682,0.06011830256955546,0.08473979345604202,0.006567081967383488,6.928751493153417e-4,0.028859448389018185,0.0010090112092870083,5.072986703058797e-4,4.7735440820459793e-4,220755,5891,219,145144,41319,23433,0.00716957221276405,1.9132499787272324e-4,7.112574186746968e-6,0.004713915377905032,0.00134193814074063,7.610454379819256e-4,277826,340374,126451,3892,5671,75987,12106,14386,4107,555,2508,803,3873,1029,3553,357,1527,18,621,762,2610,2300,156,22,436,0.009023096054827229,0.011054499206574487,0.00410681332643078,1.2640245997634338e-4,1.8417994617827424e-4,0.002467868377754986,3.9317270824090777e-4,4.6722142580156114e-4,1.333851241322822e-4,1.802501677463273e-5,8.145358931671871e-5,2.6079438684738884e-5,1.257853873300046e-4,3.341935542540014e-5,1.153925848653515e-4,1.159447024962862e-5,4.9593154261016536e-5,5.845951386367371e-7,2.0168532282967432e-5,2.4747860868955205e-5,8.476629510232689e-5,7.469826771469419e-5,5.066491201518389e-6,7.145051694449009e-7,1.4160193358089854e-5,759,672,8,185,2.4650428345849082e-5,2.182488517577152e-5,2.598200616163276e-7,6.008338924877576e-6,NA,40,NA,NA,NA,NA,NA,1.2991003080816381e-6,NA,NA,NA,NA,45,NA,NA,NA,NA,NA,364,NA,NA,NA,NA,NA,NA,NA,199,NA,1.4614878465918427e-6,NA,NA,NA,NA,NA,1.1821812803542907e-5,NA,NA,NA,NA,NA,NA,NA,6.463024032706149e-6,NA,NA,NA,NA,NA,NA,NA,NA,NA,NA,NA,NA,NA,NA,NA,NA,NA,NA,NA,NA,NA,NA,NA,NA,NA,NA,NA,NA,NA,NA,NA,NA,NA,NA,NA,NA,NA,NA,NA,NA,NA,NA,NA,NA,NA,NA,NA,NA,NA,NA,NA,NA,NA,NA,NA,NA,NA,NA,NA,Puget Sound
Species of Concern,Puget Sound\Strait of Georgia Coho Salmon,-123.751,46.7315,-120.9068,49.0025,Coho,Puget Sound,Coho,Coho,Salmon,27753.4519088296,14610606,453843,3539866,1205830,319651,906109,1045832,1795050,1852215,2612668,202707,21338,888805,31206,15627,14716,0.4737986435392906,0.01471740445124605,0.11479220705225056,0.03910314317824892,0.01036577197454902,0.029383669308360175,0.03391466329117241,0.0582106077657014,0.060064377517477854,0.08472465511824158,0.006573464621242881,6.919572984064714e-4,0.028822528194308927,0.0010119607954856289,5.067586794543973e-4,4.7721640281889747e-4,220756,5891,219,145147,41319,23439,0.00715876489675785,1.910357317889457e-4,7.101820618193703e-6,0.004706885649629961,0.0013399092517038613,7.60089376574622e-4,277826,340465,126451,3892,5693,75993,12106,14387,4107,555,2508,803,3873,1030,3553,357,1527,18,621,762,2610,2300,156,22,436,0.00900945395009262,0.011040736788919266,0.004100604196306904,1.2621135089502234e-4,1.84614907668387e-4,0.002464331754513215,3.9257826668426016e-4,4.6654745768928224e-4,1.331834578946189e-4,1.7997764580353904e-5,8.133043886041008e-5,2.6040008933376914e-5,1.255952112066859e-4,3.340125678876491e-5,1.1521812171891428e-4,1.1576940459795215e-5,4.951817389946021e-5,5.837112836871538e-7,2.01380392872068e-5,2.4710444342756175e-5,8.46381361346373e-5,7.458533069335853e-5,5.058831125288665e-6,7.13424902284299e-7,1.4138784427088834e-5,759,672,8,185,2.4613159128808315e-5,2.1791887924320406e-5,2.5942723719429054e-7,5.9992548601179684e-6,NA,40,NA,NA,NA,NA,NA,1.2971361859714527e-6,NA,NA,NA,NA,45,NA,NA,NA,NA,NA,364,NA,NA,NA,NA,NA,NA,NA,199,NA,1.4592782092178842e-6,NA,NA,NA,NA,NA,1.1803939292340219e-5,NA,NA,NA,NA,NA,NA,NA,6.453252525207977e-6,NA,NA,NA,NA,NA,NA,NA,NA,NA,NA,NA,NA,NA,NA,NA,NA,NA,NA,NA,NA,NA,NA,NA,NA,NA,NA,NA,NA,NA,NA,NA,NA,NA,NA,NA,NA,NA,NA,NA,NA,NA,NA,NA,NA,NA,NA,NA,NA,NA,NA,NA,NA,NA,NA,NA,NA,NA,NA,NA,Puget Sound
Not Warranted,Odd Year Pink Salmon,-123.751,46.7315,-120.9068,49.0025,Odd Year Pink Salmon,Puget Sound,Pink,Pink,Salmon,27753.4519925237,14610606,453843,3539866,1205830,319651,906108,1045832,1795050,1852215,2612668,202707,21338,888805,31206,15627,14716,0.4737986589038252,0.014717404928508012,0.11479221077477882,0.03910314444630151,0.01036577231069448,0.029383637832820025,0.03391466439097087,0.05821060965337861,0.06006437946526986,0.08472465786572707,0.006573464834409859,6.919573208455435e-4,0.028822529128977564,0.001011960828301904,5.067586958877734e-4,4.7721641829426455e-4,220756,5891,219,145147,41319,23439,0.007158765128905183,1.910357379839299e-4,7.101820848494424e-6,0.004706885802266758,0.001339909295154982,7.600894012231087e-4,277826,340465,126451,3892,5693,75993,12106,14387,4107,555,2508,803,3873,1030,3553,357,1527,18,621,762,2610,2300,156,22,436,0.009009454242254848,0.011040737146952757,0.004100604329282961,1.2621135498785523e-4,1.8461491365515413e-4,0.002464331834427565,3.9257827941494743e-4,4.665474728186725e-4,1.331834622135461e-4,1.7997765163992717e-5,8.133044149782655e-5,2.6040009777812886e-5,1.2559521527953838e-4,3.3401257871914415e-5,1.1521812545525428e-4,1.1576940835216938e-5,4.951817550525564e-5,5.837113026159801e-7,2.013803994025131e-5,2.471044514407649e-5,8.46381388793171e-5,7.458533311204189e-5,5.058831289338494e-6,7.134249254195312e-7,1.4138784885587072e-5,759,672,8,185,2.4613159926973824e-5,2.179188863099659e-5,2.5942724560710224e-7,5.999255054664239e-6,NA,40,NA,NA,NA,NA,NA,1.2971362280355112e-6,NA,NA,NA,NA,45,NA,NA,NA,NA,NA,364,NA,NA,NA,NA,NA,NA,NA,199,NA,1.45927825653995e-6,NA,NA,NA,NA,NA,1.1803939675123152e-5,NA,NA,NA,NA,NA,NA,NA,6.453252734476668e-6,NA,NA,NA,NA,NA,NA,NA,NA,NA,NA,NA,NA,NA,NA,NA,NA,NA,NA,NA,NA,NA,NA,NA,NA,NA,NA,NA,NA,NA,NA,NA,NA,NA,NA,NA,NA,NA,NA,NA,NA,NA,NA,NA,NA,NA,NA,NA,NA,NA,NA,NA,NA,NA,NA,NA,NA,NA,NA,NA,Puget Sound
Threatened,Oregon Coast Coho Salmon,-124.5476,42.6635,-122.2694,46.2319,Coho,Oregon Coast,Coho,Coho,Salmon,27837.717719943,16776160,164565,5911833,1493458,222381,220667,215659,1278608,188663,3779449,301421,1011,61049,143972,1137,910,0.5423765812457563,0.005320419100241526,0.19113073381726467,0.04828379344701795,0.0071896218511275835,0.007134207891064301,0.0069722982574605,0.041337650320065734,0.0060995122213646094,0.12219033602521032,0.009745000732925597,3.2685830585751425e-5,0.001973726282323975,0.004654643324522061,3.6759435584569104e-5,2.942048054701661e-5,NA,415,7,921,11,22,NA,1.3417032337375708e-5,2.263113888232047e-7,2.9776112729453076e-5,3.5563218243646453e-7,7.112643648729291e-7,136408,23732,138,1,NA,14,2942,1,1,128,189,805,73,76,2,NA,NA,NA,NA,19,2508,1,37,123,18,0.004410097703799387,7.672602685074706e-4,4.461567379657464e-6,3.233019840331496e-8,NA,4.526227776464094e-7,9.51154437025526e-5,3.233019840331496e-8,3.233019840331496e-8,4.138265395624315e-6,6.110407498226527e-6,2.602580971466854e-5,2.360104483441992e-6,2.4570950786519366e-6,6.466039680662992e-8,NA,NA,NA,NA,6.142737696629841e-7,8.108413759551392e-5,3.233019840331496e-8,1.1962173409226534e-6,3.976614403607739e-6,5.819435712596692e-7,13,994,NA,NA,4.2029257924309443e-7,3.213621721289507e-5,NA,NA,13,19,NA,NA,5,8,4.2029257924309443e-7,6.142737696629841e-7,NA,NA,1.616509920165748e-7,2.5864158722651967e-7,13,NA,NA,NA,NA,NA,NA,NA,NA,NA,NA,NA,NA,NA,NA,NA,4.2029257924309443e-7,NA,NA,NA,NA,NA,NA,NA,NA,NA,NA,NA,NA,NA,NA,NA,NA,163,NA,5.269822339740338e-6,NA,NA,3,NA,NA,NA,NA,NA,NA,21,NA,NA,9.699059520994487e-8,NA,NA,NA,NA,NA,NA,6.789341664696142e-7,NA,NA,28,NA,NA,18,NA,NA,NA,NA,9.052455552928188e-7,NA,NA,5.819435712596692e-7,NA,NA,NA,NA,1,NA,3.233019840331496e-8,NA,NA,NA,NA,NA,NA,NA,NA,NA,NA,NA,NA,NA,Oregon Coast
Not Warranted,Upper Columbia River Summer\Fall-run Chinook Salmon,-121.5227,45.9828,-118.9961,49.0002,Summer/fall-run Chinook,Upper Columbia River,Late Chinook,Chinook,Salmon,30903.1531439494,9957144,414745,16712815,1249783,130570,338002,2644,675759,675742,906,72682,NA,268261,NA,460315,456012,0.28998516341215425,0.012078754369664024,0.48673278089099675,0.03639783932870032,0.003802632841980088,0.009843742864784817,7.70020773086877e-5,0.019680350514387854,0.019679855417824223,2.6385734508952743e-5,0.0021167416728252795,NA,0.007812652897468181,NA,0.013405904393475256,0.013280586716221367,13010,2050,758,295813,74687,9000,3.7889448781619776e-4,5.970282090877828e-5,2.207548207261168e-5,0.00861505881048216,0.002175133944006792,2.6210994545317295e-4,290991,45843,5862,839140,NA,220,12708,300,103,394985,26274,1109,299290,3431,NA,NA,5786,74497,NA,10659,75,3,592,144714,54353,0.008474626126373806,0.0013351006921566452,1.707209444718333e-4,0.024438548847508394,NA,6.40713199996645e-6,3.7009924297988023e-4,8.736998181772431e-6,2.9997027090752015e-6,0.011503277422757946,7.651863007596296e-4,3.2297769945285425e-5,0.008716320619408904,9.992213587220404e-5,NA,NA,1.6850757159911762e-4,0.0021696005118250028,NA,3.104255453983745e-4,2.1842495454431077e-6,8.736998181772431e-8,1.7241009745364265e-5,0.004214553182923386,0.0015829402072462565,9204,471,6814,NA,2.680511042167782e-4,1.3717087145382718e-5,1.984463520353245e-4,NA,NA,32282,NA,NA,15118,NA,NA,9.401592510132588e-4,NA,NA,4.402864617067854e-4,NA,6,NA,NA,NA,NA,NA,561,NA,NA,NA,NA,NA,2251,1107,20,19,1.7473996363544863e-7,NA,NA,NA,NA,NA,1.6338186599914447e-005,NA,NA,NA,NA,NA,6.555660969056581e-5,3.2239523290740276e-5,5.824665454514955e-7,5.533432181789207e-7,NA,87,NA,2.5337294727140053e-6,NA,NA,15,18,6,NA,12635,NA,3,8799,NA,NA,4.368499090886216e-7,5.242198909063459e-7,1.7473996363544863e-7,NA,3.6797324008898223e-4,NA,8.736998181772431e-8,2.562561566713854e-4,2,NA,8764,NA,8,214604,34,33,5.8246654545149546e-8,NA,2.552368402168453e-4,NA,2.3298661818059818e-7,0.006249982526003637,9.901931272675424e-7,9.610697999949675e-7,530,1.543536345446463e-5,NA,NA,NA,NA,NA,NA,1697,15,4.9422286381559386e-5,4.368499090886216e-7,NA,NA,NA,NA,NA,NA,Interior Columbia
Threatened,Southern OR\Northern CA Coasts Coho Salmon,-124.5665,39.3057,-122.1153,42.9025,Coho,Southern Oregon/Northern California Coast,Coho,Coho,Salmon,46378.5932405752,32784149,186085,11458151,2635614,91314,189795,333002,1592888,267054,1166647,57036,19,124965,85778,299939,17491,0.6361918432596844,0.0036110670175693253,0.2223508136519815,0.051145330286933174,0.0017719911526577928,0.0036830613139133732,0.006462060558264344,0.03091074143258171,0.005182308575704429,0.02263933419053766,0.0011068104275684984,3.687039435409473e-7,0.0024250046476102355,0.0016645624667923882,0.005820457480090958,3.39421088235511e-4,19177,43,298,7597,27,11614,3.7213871185709193e-4,8.344352406453017e-7,5.782830272379068e-6,1.4742336100424087e-4,5.239477092423987e-7,2.253751368570822e-4,162471,31094,9,2,NA,1,715,NA,3,346,1,21,1932,2622,NA,NA,NA,171,NA,7,7,NA,811,52,4,0.0031528262321600655,6.033937063401166e-4,1.7464923641413294e-7,3.8810941425362873e-8,NA,1.9405470712681437e-8,1.3874911559567228e-005,NA,5.821641213804431e-8,6.714292866587777e-6,1.9405470712681437e-8,4.075148849663102e-7,3.7491369416900537e-5,5.088114420865073e-5,NA,NA,NA,3.3183354918685257e-6,NA,1.3583829498877005e-7,1.3583829498877005e-7,NA,1.5737836747984644e-5,1.0090844770594347e-6,7.762188285072575e-8,2477,5,NA,NA,4.8067350955311916e-5,9.702735356340718e-8,NA,NA,98,NA,NA,NA,10,1,1.9017361298427809e-6,NA,NA,NA,1.9405470712681435e-7,1.9405470712681437e-8,2,NA,NA,NA,NA,NA,NA,NA,NA,NA,NA,NA,NA,NA,245,NA,3.8810941425362873e-8,NA,NA,NA,NA,NA,NA,NA,NA,NA,NA,NA,NA,NA,4.754340324606952e-6,NA,NA,70,NA,1.3583829498877006e-6,NA,NA,NA,NA,NA,NA,NA,NA,NA,NA,NA,NA,NA,NA,NA,NA,NA,NA,NA,NA,NA,NA,NA,NA,NA,NA,NA,NA,NA,NA,NA,NA,NA,NA,NA,NA,NA,NA,NA,NA,NA,NA,NA,NA,NA,NA,NA,NA,NA,NA,NA,NA,NA,NA,Southern Oregon/Northern California Coast
Threatened,California Central Valley Steelhead,-123.069,35.9373,-118.9492,40.8065,Steelhead,California Central Valley,Steelhead,Steelhead,Trout,56343.4739432936,5125815,607967,7228802,17127165,197415,373982,836756,2526680,1255951,726936,708394,NA,1497031,NA,2322375,3290283,0.08187679700977574,0.009711312376205993,0.11546869209635167,0.27357940387195706,0.003153392754456584,0.00597377164398441,0.013365855216919046,0.04035972142355121,0.02006183310970545,0.011611654207398889,0.011315475049517602,NA,0.023912705258449938,NA,0.03709627180371861,0.05255707303047728,68,29697,4308,419506,4,119901,1.0861925755542778e-6,4.743626605328733e-4,6.881349434540923e-5,0.0067009456264775415,6.38936809149575e-8,0.0019152290588460802,619233,357157,454,768,170,NA,16048,19,6541,2331909,78121,9930,1451771,300836,2,25823,NA,41806,280,5050,NA,NA,3863,87236,8778,0.00989126892850297,0.00570501884863587,7.2519327838476775e-6,1.2267586735671843e-5,2.7154814388856944e-6,NA,2.5634144783080954e-4,3.0349498434604816e-7,1.0448214171618427e-4,0.03724856239217941,0.001247859561689349,1.5861606287138202e-4,0.023189748258897195,0.004805379847933039,3.194684045747875e-8,4.124816305667369e-4,NA,6.677848060826784e-4,4.4725576640470255e-6,8.066577215513386e-5,NA,NA,6.170532234362021e-5,0.0013934572870743084,1.4021468276787424e-4,133900,173067,20578,415,0.0021388409686282027,0.002764471918727238,3.287010414669989e-4,6.628969394926841e-6,59323,3008,NA,220391,88019,NA,9.475912082295061e-4,4.804804804804805e-5,NA,0.0035203980576321,0.0014059644751134113,NA,2172899,93386,4184513,518857,3478,114939,457166,1008439,116856,1726742,277821,2752,190908,23,29443,48109,0.03470862884160757,0.0014916938214810556,0.0668409846016229,0.008287920899623028,5.555555555555556e-5,0.0018359689476710754,0.007302504632291866,0.01610821992204971,0.0018665899942495686,0.02758197559261389,0.004437751581368603,4.3958852469490765e-5,0.003049453709028177,3.6738866526100567e-7,4.703054117947735e-4,7.684652737844227e-4,85766,238202,0.0013699763593380614,0.0038049006453261774,708057,30323,4674,31669,3593,1204,265,45060,9177,2,0.011310092006900517,4.8436202159606414e-4,7.465976614912785e-5,5.058622452239473e-4,5.739249888186058e-5,1.923199795540221e-5,4.232956360615935e-6,7.197623155069964e-4,1.4658807743914127e-4,3.194684045747875e-8,NA,NA,NA,NA,NA,NA,NA,10882,NA,NA,NA,NA,NA,NA,NA,1.738227589291419e-4,NA,NA,NA,NA,NA,NA,32829,5.24391412689285e-4,1783,NA,2.848060826784231e-5,NA,7061,1.1278832023512874e-4,3590,5.734457862117436e-5,NA,NA,Central Valley
Threatened,Snake River Spring/Summer-run Chinook Salmon,-119.0494,43.788,-112.9985,46.8457,Spring/summer-run Chinook,Snake River,Stream type Chinook,Chinook,Salmon,56765.4315674376,30267136,273758,19049644,8420320,38127,547321,450,355917,126365,252,59066,406,39484,3119,493457,851547,0.47987847382366405,0.004340370071255458,0.30202772041610143,0.1335022352530109,6.044948082129356e-4,0.008677648462399669,7.134646410570489e-6,0.005642982103357815,0.0020034879859372,3.995401989919474e-6,9.364778330816811e-4,6.437036539314708e-6,6.26009730833256e-4,4.945102701015412e-5,0.007823647141824182,0.013501081659960152,36360,619,680,30971,38419,64777,5.764794299740956e-4,9.81410250698474e-6,1.0781243464862073e-5,4.910380755150636e-4,6.091244009949059e-4,0.0010270244234167213,519321,3134,2125,54975,NA,NA,104557,20,6,12772,91487,NA,1123171,8386,NA,NA,54,NA,NA,41824,7328,NA,16,4815,314019,0.00823371490796417,4.968884855717314e-5,3.369138582769398e-5,8.716159698246948e-4,NA,NA,0.0016577271661111525,3.1709539602535506e-7,9.512861880760652e-8,2.0249711990179175e-4,0.001450505324808583,NA,0.017807617652459706,1.3295809955343139e-4,NA,NA,8.561575692684587e-7,NA,NA,6.631098921682225e-4,1.161837531036901e-4,NA,2.536763168202841e-7,7.634071659310424e-5,0.004978698958224299,3817,3683,220,NA,6.0517656331439016e-5,5.8393117178069136e-5,3.4880493562789057e-6,NA,16,23223,NA,NA,7261,8,2.536763168202841e-7,3.68195319094841e-4,NA,NA,1.1512148352700516e-4,1.2683815841014204e-7,2,NA,NA,NA,NA,NA,NA,NA,NA,NA,NA,NA,3061,1,97,NA,3.170953960253551e-8,NA,NA,NA,NA,NA,NA,NA,NA,NA,NA,NA,4.853145036168059e-5,1.5854769801267755e-8,1.5379126707229722e-6,NA,NA,1,NA,1.5854769801267755e-8,NA,NA,608,NA,NA,NA,38554,NA,NA,39,NA,NA,9.639700039170795e-6,NA,NA,NA,6.112647949180769e-4,NA,NA,6.183360222494424e-7,2426,2602,6,169,482,7,3,1,3.846367153787557e-5,4.1254111022898694e-5,9.512861880760652e-8,2.6794560964142503e-6,7.641999044211057e-6,1.1098338860887428e-7,4.756430940380326e-8,1.5854769801267755e-8,NA,NA,NA,NA,NA,NA,NA,NA,NA,NA,NA,NA,10,1.5854769801267753e-7,NA,NA,NA,NA,Interior Columbia
Species of Concern,Central Valley Fall & Late Fall-run Chinook Salmon,-123.069,35.9373,-118.9492,40.8065,Fall-run Chinook,California Central Valley,Late Chinook,Chinook,Salmon,57883.7569688411,5135532,762449,7300367,17611966,200176,376791,838654,2693827,1394246,885712,973898,NA,1639400,NA,2327878,3297660,0.07984917827303638,0.011854843105855111,0.11350884505083246,0.2738374549847329,0.003112411549569417,0.0058584878315772635,0.013039707036271032,0.041884632859793054,0.021678259897994573,0.013771382475382801,0.015142531488802636,NA,0.025490006266306164,NA,0.03619472051189231,0.05127325488846358,68,29704,4350,419553,4,120294,1.0572895120829689e-6,4.618489362781251e-4,6.763543202295463e-5,0.006523367450925674,6.219350071076288e-8,0.0018703762436251272,627750,392368,454,770,170,NA,16219,19,6543,2344159,78141,9930,1477756,303847,2,25837,NA,41845,282,5050,NA,NA,3863,87259,8792,0.009760492517795349,0.006100684871720152,7.058962330671586e-6,1.1972248886821854e-5,2.643223780207422e-6,NA,2.521790970069658e-4,2.9541912837612365e-7,1.0173301878763037e-4,0.0364478636081603,0.0012149655847599305,1.5439536551446883e-4,0.022976704709083525,0.004724327152615792,3.109675035538144e-8,4.017233694659951e-4,NA,6.506217593104681e-4,4.384641800108782e-6,7.851929464733813e-5,NA,NA,6.0063373311419243e-5,0.0013567356696301144,1.367013145622568e-4,137157,174737,20584,415,0.0021325684942465257,0.002716876433424143,3.200477546575858e-4,6.452575698741648e-6,59323,3008,NA,225806,88019,NA,9.223762606661465e-4,4.676951253449368e-5,NA,0.0035109164053736303,0.0013685524347651593,NA,2173256,93402,4186132,518861,3479,114939,457181,1008460,116859,1726826,277843,2752,190945,23,29486,48120,0.03379059964516742,0.0014522493383466685,0.0650875508793368,0.008067445493071784,5.409279724318601e-5,0.0017871146945485936,0.00710842171211182,0.015679914431693982,0.0018169675748897598,0.026849338514590954,0.004320007204495122,4.2789128489004856e-5,0.002968884498304154,3.576126290868865e-7,4.5845939048938853e-4,7.481878135504774e-4,85766,238202,0.0013335219454898221,0.0037036540640762844,708057,30323,4674,31669,3593,1204,332,45060,9177,2,0.011009135883190158,4.714733805131157e-4,7.267310558052642e-5,4.924014935022874e-4,5.586531201344275e-5,1.8720243713939624e-5,5.1620605589933185e-6,7.006097855067438e-4,1.426874390056677e-4,3.109675035538144e-8,NA,NA,NA,NA,NA,NA,NA,10882,NA,NA,NA,NA,NA,NA,NA,1.691974186836304e-4,NA,NA,NA,NA,NA,NA,32829,5.104376087084086e-4,1783,NA,2.772275294182255e-5,NA,7061,1.0978707712967416e-4,3590,5.581866688790968e-5,NA,NA,Central Valley
Not Warranted,Mid-Columbia River Spring-run Chinook Salmon,-121.8203,44.1138,-117.68,47.4645,Spring-run Chinook,Middle Columbia River,Stream type Chinook,Chinook,Salmon,69256.4605061634,19597343,594155,38264090,1182457,157117,152204,19801,1326132,742614,5751,134616,NA,248296,NA,1247339,4468203,0.254670785390202,0.007721144672189258,0.49724831843487016,0.01536622861987679,0.0020417619770268024,0.001977916711440439,2.5731734253522985e-4,0.01723330953441389,0.009650394475504125,7.473521725771966e-5,0.0017493576780325492,NA,0.0032266484966480195,NA,0.01620938117875618,0.05806505337447309,17403,1544,305,520381,300994,75157,2.261549271319936e-4,2.006454102693778e-5,3.963526562963745e-6,0.006762439070038153,0.003911467915713802,9.766779209595612e-4,721094,36526,31198,517909,NA,218,146579,338,17,401533,119766,69,4450129,9628,NA,NA,1317,25112,NA,237405,122,7,859,142914,563905,0.009370738437356651,4.7466154504529094e-4,4.0542328429948497e-4,0.006730315012124558,NA,2.8329468548396603e-6,0.0019048188854841402,4.3923671419073635e-6,2.209178740012579e-7,0.0052179892177263,0.001556379417507921,8.966666650639292e-7,0.05783017868890258,1.2511748769906535e-4,NA,NA,1.7114637650568038e-5,3.2633468540703463e-4,NA,0.003085118110427567,1.5854106251854979e-6,9.096618341228267e-8,1.1162850221592973e-5,0.0018571915908832807,0.007328040808157609,20640,2470,32729,NA,2.6822028937564487e-4,3.209806757547688e-5,4.2531888812865704e-4,NA,4131,70094,569,866,107282,581,5.368304338230567e-5,9.10883380014363e-4,7.394251194512691e-6,1.1253816405005256e-5,0.0013941477269766441,7.550193223219461e-6,2,NA,NA,NA,NA,NA,NA,NA,120,NA,NA,NA,2312,70,850,3005,2.5990338117795047e-8,NA,NA,NA,NA,NA,NA,NA,1.5594202870677028e-6,NA,NA,NA,3.0044830864171076e-5,9.096618341228266e-7,1.1045893700062895e-5,3.905048302198706e-5,NA,200,NA,2.599033811779505e-6,NA,NA,10,6,5,NA,22717,NA,3,4021,NA,NA,1.2995169058897524e-7,7.797101435338514e-8,6.497584529448762e-8,NA,2.9521125551097504e-4,NA,3.898550717669257e-8,5.225357478582694e-5,933,2,1295,NA,2564,211095,58,5,1.212449273195139e-5,2.5990338117795047e-8,1.6828743931272293e-5,NA,3.331961346701325e-5,0.0027432152124879728,7.537198054160564e-7,6.497584529448762e-8,336,4.366376803789568e-6,NA,NA,NA,NA,NA,NA,133,NA,1.7283574848333707e-6,NA,NA,NA,NA,NA,22,2.8589371929574554e-7,Interior Columbia
Threatened,Snake River Basin Steelhead,-119.0494,43.788,-112.9985,46.9765,Steelhead,Snake River,Steelhead,Steelhead,Trout,74662.5335117094,43434962,327915,21726390,9350525,39684,548798,5904,546788,170379,2471,62082,406,52198,3971,605901,1332550,0.523576286523953,0.003952772377134855,0.26189553465641685,0.11271365119530637,4.783612186518444e-4,0.006615353292855935,7.116834580487072e-5,0.00659112423203822,0.002053792613463426,2.9786074268942334e-5,7.483525142713387e-4,4.894029199996191e-6,6.292082171955694e-4,4.7867462938879e-5,0.007303687651002197,0.01606290298141607,37156,622,680,31023,38419,148321,4.478880516134445e-4,7.497749168467071e-6,8.196896197037955e-6,3.739592804716301e-4,4.631125808735312e-4,0.0017878997659424509,888464,5808,2125,54975,NA,NA,234713,20,6,12772,428613,NA,2114816,20110,NA,NA,54,NA,NA,71411,7328,NA,16,4815,420896,0.010709775268831073,7.001113692999477e-5,2.561530061574361e-5,6.626828947531788e-4,NA,NA,0.0028292913192578964,2.410851822658222e-7,7.232555467974666e-8,1.5395699739495405e-4,0.005166612161325043,NA,0.025492540040933855,2.4241115076828424e-4,NA,NA,6.509299921177199e-7,NA,NA,8.608066975392314e-4,8.833361078219726e-5,NA,1.9286814581265776e-7,5.80412576304967e-5,0.005073589443747775,3954,6587,220,NA,4.766254053395305e-5,7.940140477924854e-5,2.6519370049240443e-6,NA,16,23232,NA,NA,7265,8,1.9286814581265776e-7,2.800445477199791e-4,NA,NA,8.757419245805992e-5,9.643407290632888e-8,2,NA,NA,NA,NA,NA,NA,NA,NA,NA,NA,NA,3063,1,604,NA,2.410851822658222e-8,NA,NA,NA,NA,NA,NA,NA,NA,NA,NA,NA,3.692219566401067e-5,1.205425911329111e-8,7.2807725044278304e-6,NA,NA,1,NA,1.205425911329111e-8,NA,NA,608,NA,NA,NA,88777,NA,NA,39,NA,NA,7.328989540880995e-6,NA,NA,NA,0.001070140961300645,NA,NA,4.701161054183533e-7,73279,11999,2946,952,482,7,90,1,8.833240535628593e-4,1.4463905510038002e-4,3.5511847347755614e-5,1.1475654675853137e-5,5.810152892606315e-6,8.437981379303778e-8,1.0848833201962e-6,1.205425911329111e-8,NA,NA,NA,NA,NA,NA,NA,NA,NA,NA,NA,NA,10,1.205425911329111e-7,NA,NA,NA,NA,Interior Columbia
Threatened,Middle Columbia River Steelhead,-121.8496,43.4804,-117.68,47.4645,Steelhead,Middle Columbia River,Steelhead,Steelhead,Trout,77378.9284694482,21498685,628926,45099134,1222129,164620,159230,23871,1369110,755204,10188,208758,NA,249454,NA,1283380,4469806,0.25005266256717273,0.0073150809390305355,0.5245510846907012,0.014214665243504721,0.0019147063791021628,0.001852014923730029,2.776452191443793e-4,0.015924211217911325,0.008783828917042096,1.1849731861434112e-4,0.002428078449086437,NA,0.0029014163837477276,NA,0.014927079776528573,0.05198861658090828,17403,1544,352,520436,300994,75256,2.0241547269781885e-4,1.7958368663186364e-5,4.094135861037306e-6,0.006053226394814805,0.003500881617491656,8.753076373813168e-4,738991,36799,31198,517981,NA,218,146581,338,17,402481,119776,69,4450219,9630,NA,NA,1317,26484,NA,237405,122,7,859,142927,564017,0.008595254415010852,4.2801166349520404e-4,3.628660528200053e-4,0.006024672123397627,NA,2.5355727775742406e-6,0.001704893547291788,3.931300912018777e-6,1.977281523796426e-7,0.004681283793994761,0.0013931227752602396,8.025436773056082e-7,0.051760798856163574,1.1200718278917402e-4,NA,NA,1.5318116275528785e-5,3.0803719927190913e-4,NA,0.002761273647981709,1.4189902700186116e-6,8.14174745092646e-8,9.99108722906547e-6,0.0016623936255979518,0.0065601199600416995,20719,2470,32747,NA,2.409840934796362e-4,2.8728737433983368e-5,3.808825768221269e-4,NA,4131,70094,569,866,107282,581,4.804794102825315e-5,8.152680654646276e-4,6.618077570824509e-6,1.0072504703574736e-5,0.0012478042143289894,6.757650384268962e-6,2,NA,NA,NA,NA,NA,NA,NA,120,NA,NA,NA,2312,70,909,3005,2.32621355740756e-8,NA,NA,NA,NA,NA,NA,NA,1.395728134444536e-6,NA,NA,NA,2.6891028723631394e-5,8.141747450926461e-7,1.0572640618417361e-5,3.495135870004859e-5,NA,200,NA,2.3262135574075603e-6,NA,NA,10,6,5,NA,24146,NA,3,4021,NA,NA,1.16310677870378e-7,6.97864067222268e-8,5.8155338935189e-8,NA,2.8084376278581473e-4,NA,3.48932033611134e-8,4.6768523571678996e-5,933,2,1295,NA,2564,211095,60,5,1.0851786245306268e-5,2.32621355740756e-8,1.5062232784213952e-5,NA,2.982205780596492e-5,0.0024552602545047444,6.97864067222268e-7,5.8155338935189e-8,336,3.908038776444701e-6,NA,NA,NA,NA,NA,NA,133,NA,1.5469320156760275e-6,NA,NA,NA,NA,NA,22,2.558834913148316e-7,Interior Columbia
